Kata,Jumlah
saya,5324
di,4755
tidak,4274
sangat,3573
dan,3359
pinjaman,2781
aplikasi,2700
yang,2441
sudah,2035
ini,2015
cepat,1929
membantu,1906
data,1839
mudah,1781
bagus,1715
nya,1599
kasih,1563
bisa,1499
semoga,1441
acc,1435
mantap,1265
ada,1097
terima,1096
untuk,936
pengajuan,880
lagi,846
hapus,840
proses,830
apakah,828
karena,821
tunaiku,816
limit,813
pinjam,786
tolong,769
kalau,768
banget,709
saja,679
oke,674
juga,658
jangan,647
baik,633
ribet,623
sekali,620
aman,606
dengan,604
cair,602
bintang,601
mau,576
online,555
tapi,547
hari,508
gunakan,507
ojk,501
belum,494
bayar,493
tolak,482
ya,479
jadi,479
benar,460
terus,452
buat,441
baru,428
padahal,409
ke,404
terpercaya,404
selalu,392
dulu,385
dana,384
akan,378
akun,362
dari,361
mohon,357
bunga,355
langsung,333
good,332
mengajukan,329
lama,327
dapat,320
salah,318
pernah,317
butuh,317
cuma,312
jelas,308
tetapi,301
kenapa,300
dalam,295
kali,289
apa,286
malah,285
waktu,279
keren,278
tanggal,277
semua,269
sama,268
akulaku,265
meminjam,263
pakai,261
coba,261
lebih,258
tempo,256
modal,253
sampai,250
aku,249
masih,241
uang,240
saat,239
itu,238
paling,237
jatuh,234
jika,228
banyak,220
aplikasinya,216
jawab,214
sini,214
ditolak,212
pembayaran,210
masuk,209
orang,208
oleh,203
sukses,203
terbaik,196
prosesnya,194
diawasi,194
gagal,194
pertama,188
puas,186
menunggu,186
rendah,185
awasi,180
pencairan,177
hanya,173
lah,171
kok,168
lain,167
ribu,167
bantu,166
kita,164
atas,162
kartu,162
pihak,162
atau,161
juta,161
cukup,161
tanda,160
setelah,160
memang,159
membutuhkan,159
telat,158
pribadi,157
pokoknya,155
lunas,155
lolos,153
besar,153
tagihan,152
pinjol,152
pas,150
gampang,150
penduduk,150
sih,149
lancar,147
sebelum,146
kan,146
bertanggung,144
anda,142
adalah,140
x,140
sesuai,140
terlalu,138
unduh,138
harus,136
kebutuhan,136
sekarang,135
kecil,135
gue,135
berhasil,135
verifikasi,133
daftar,132
uninstall,132
maaf,130
usaha,129
tanpa,129
tenor,128
nih,128
amanah,127
nama,126
bermanfaat,125
melakukan,124
isi,123
easycash,122
tepat,122
menghapus,122
ku,122
kecewa,121
bapak,121
digunakan,120
bulan,119
tau,119
deh,119
menyetujui,119
ibu,118
disalah,118
kalian,118
telah,117
buruk,116
bagaimana,115
aneh,115
uninstal,114
bunganya,113
meminta,113
ajukan,112
tetap,112
bagi,111
mudahan,109
susah,108
lumayan,107
awal,106
an,105
telepon,105
pun,102
enggak,100
naik,100
punya,99
agustus,99
pada,98
tambah,97
terhormat,97
pelayanan,97
best,97
menggunakan,97
mendesak,96
cara,95
pinjamwinwin,95
biasa,95
ingin,94
tinggi,94
iya,94
yuk,93
bukan,93
nanti,92
paylater,92
cicilan,92
memuaskan,91
top,91
the,90
lengkap,90
darurat,89
tiba,89
kredit,88
min,88
suka,87
mencoba,87
kurang,86
luar,86
hati,85
app,85
satu,84
seperti,83
kayak,82
doang,82
suruh,82
masa,81
september,81
makin,80
per,80
soalnya,79
nice,79
katanya,79
mengisi,78
limitnya,77
pengisian,77
rekomendasi,76
kamu,76
kembali,76
alhamdulillah,75
no,75
tunggu,75
jelek,74
mana,74
pinjamannya,74
berwajib,73
tunai,73
respon,73
solusi,73
pengajuannya,72
menang,72
begitu,72
disetujui,71
menit,71
layanan,71
rekening,71
teman,70
jam,70
perlu,70
cocok,70
membatu,69
semakin,69
go,68
bank,68
biar,68
beberapa,68
tak,68
mulai,67
kepada,67
foto,66
amin,65
ringan,65
pelunasan,65
parah,64
laporkan,63
pasti,62
syarat,62
ambil,62
menelpon,62
dihapus,61
setiap,61
berguna,60
hebat,60
nomor,60
biaya,60
sederhana,59
admin,59
diri,59
menjadi,58
hal,58
pendaftaran,58
apabila,58
jaga,58
sistem,58
awas,58
menyesal,57
handphone,57
nyaman,57
saku,57
sedang,57
mereka,56
ternyata,56
dong,56
teror,56
betul,55
mendadak,55
memberi,55
iklan,55
percaya,55
segera,55
sedikit,55
depan,55
sulit,55
secara,55
alasan,54
guna,53
recommended,53
cairnya,53
panjang,53
kerja,53
kami,53
terjadi,53
ketika,52
pelanggan,52
sayang,51
winwin,51
jangka,51
eh,51
membayar,51
bikin,51
keuangan,51
mulu,51
tanggung,50
maka,50
turun,49
memberikan,49
lunasi,49
bila,49
lewat,48
platform,48
tahun,48
penagihan,48
rekan,48
tiap,47
diacc,47
kata,47
menagih,47
wa,47
hilang,47
masalah,47
simpel,46
usah,46
agar,46
bos,46
tinggal,45
persyaratan,45
giliran,45
walaupun,45
pinjamango,44
laku,44
hukum,44
bilang,43
penghapusan,43
peminjaman,43
nasabah,43
mendapatkan,43
angsuran,42
memudahkan,42
gede,42
bukti,41
segala,41
fitur,41
mending,41
selama,41
penipuan,41
berkali,41
skor,41
pengguna,41
apapun,41
ujung,41
dikarenakan,41
harap,40
mengecewakan,40
ayo,40
k,40
pertanggal,40
kedepannya,40
percuma,40
senang,39
sampah,39
lunasin,39
wah,39
bintangnya,38
serta,38
penipu,38
praktis,38
maju,38
spam,38
kak,38
cairkan,38
merasa,38
kakak,38
terbantu,38
begini,37
ulang,37
bernama,37
bantusaku,37
pencairannya,37
apaan,37
pokok,37
berapa,36
berharap,36
ragu,36
keluar,35
dipakai,35
simple,35
buang,35
kedua,35
ramah,35
suku,35
agak,35
lihat,35
terdaftar,35
diterima,35
formulir,35
belanja,35
beri,34
melunasi,34
job,34
selesai,34
pilihan,34
keperluan,34
in,34
barang,34
buka,34
lima,33
masukan,33
bantuannya,33
tolol,33
easy,33
tenornya,33
payah,33
bismillah,33
kendala,33
chat,32
dua,32
instal,32
habis,32
sering,32
kode,32
memenuhi,32
jaya,31
bahkan,31
jumlah,31
gila,31
namun,31
hampir,31
sehari,31
minggu,31
apalagi,31
cash,31
dibayar,30
apl,30
otp,30
pikir,30
niat,30
anjing,30
full,30
persetujuan,30
kontak,29
menerima,29
muncul,29
bantuan,29
tim,29
salahgunakan,29
sopan,29
rekomen,29
bakal,28
ganti,28
indonesia,28
balasan,28
lainnya,28
beli,28
ganggu,28
konfirmasi,28
mntap,27
mungkin,27
soal,27
tambahkan,27
singkat,27
waktunya,27
dc,27
tambahan,27
menurut,27
recomended,26
sms,26
memiliki,26
ulasan,26
murah,26
akhirnya,26
potongan,26
perbaiki,26
is,26
berkah,26
dikasih,26
keadaan,26
cari,26
enak,25
sedangkan,25
kemudian,25
tlong,25
kemarin,25
sebelumnya,25
dijamin,25
amat,25
penting,25
sementara,25
lapor,25
menambah,24
php,24
sebar,24
rumit,24
batas,24
tingkatkan,24
takut,24
masyarakat,24
menyenangkan,24
sebagai,24
aktif,24
informasi,24
mengancam,24
awalnya,24
kadang,24
menggunakannya,24
tahap,23
cape,23
perangkat,23
mengambil,23
jauh,23
transaksi,23
pengalaman,23
disuruh,23
diberikan,23
adanya,23
nomer,23
anak,23
unistal,23
terjamin,23
tempat,22
kocak,22
mantappp,22
pahami,22
pencarian,22
pak,22
sip,22
tiga,22
tuntut,22
dicairkan,22
kepepet,22
walau,22
sendiri,22
hutang,22
bahwa,22
email,22
penyalahgunaan,22
hasil,21
keluarga,21
izin,21
sesuatu,21
pula,21
tai,21
sehingga,21
kasar,21
semuanya,21
sebulan,21
berikan,21
menawari,21
sekolah,21
rekomended,20
lalu,20
cek,20
klik,20
utang,20
login,20
pelayanannya,20
balik,20
kapan,20
diproses,20
urgent,20
dadakan,20
aduh,20
karenakan,20
dipercaya,20
terjangkau,19
malas,19
berkembang,19
kirim,19
dananya,19
hps,19
pastinya,19
pagi,19
mengatasi,19
dipahami,19
apknya,19
sekian,19
resmi,19
bohong,19
kesulitan,19
bayarnya,19
kalinya,19
rumah,19
lunak,19
naikan,19
saran,19
direkomendasikan,19
sungguh,19
mendaftar,19
pinjeman,19
boleh,19
datanya,19
bangkrut,18
macam,18
selain,18
mengganggu,18
ditelepon,18
install,18
tahu,18
detik,18
berkurang,18
riwayat,18
supaya,18
menipu,18
mencekik,18
solusinya,18
han,18
sumpah,18
siap,18
hingga,18
memakai,18
tersedia,18
datang,18
menu,18
peminjam,18
terlambat,18
transparan,18
mengerti,18
beda,17
mahal,17
sangatlah,17
saldo,17
urusan,17
rek,17
melalui,17
akurat,17
amar,17
melaporkan,17
duit,17
muda,17
jalur,17
sejauh,17
mempermudah,17
kontrak,17
pembayarannya,16
mengatasnamakan,16
harapan,16
dicoba,16
entah,16
menengah,16
identitas,16
tadi,16
cicil,16
b,16
persulit,16
sep,16
daftarnya,16
lupa,16
rugi,16
tunggakan,16
dilakukan,16
dibantu,15
pendidikan,15
menyalahgunakan,15
wajah,15
oh,15
sekadar,15
e,15
mencari,15
busuk,15
uangnya,15
sayangnya,15
transfer,15
hitungan,15
menyalah,15
persyaratannya,15
finansial,15
penawaran,15
memasukkan,15
masak,15
i,15
sepertinya,15
menawarkan,15
josss,15
bertambah,15
jujur,15
kawan,15
rekomend,15
allah,15
percepat,15
malam,15
ngajukan,15
diaplikasi,15
a,14
wkwk,14
meskipun,14
peninjauan,14
kesini,14
kemudahan,14
sebenarnya,14
baca,14
siapa,14
berlaku,14
dokumen,14
bekerja,14
babi,14
dibandingkan,14
namanya,14
abal,14
bertele,14
unggah,14
rating,14
jaminan,14
diandalkan,14
akses,14
tagih,14
terpecaya,14
merugikan,13
eror,13
pertahankan,13
dasar,13
ancaman,13
lambat,13
rentenir,13
hoaks,13
hasilnya,13
tanggungan,13
lulus,13
kapok,13
intinya,13
auto,13
total,13
telfon,13
responsif,13
notifikasi,13
penagihannya,13
hidup,13
meningkat,13
selamat,13
tertanda,13
customer,13
lanjut,13
status,13
bu,13
cairin,13
nominal,13
sandi,13
recomend,13
buruan,13
benaran,13
ber,13
kena,13
it,13
aplikasih,13
byar,13
profesional,13
menjanjikan,13
permohonan,13
meng,13
tks,13
dia,13
sangan,13
up,13
sejak,12
tersebut,12
oi,12
verivikasi,12
like,12
pemberitahuan,12
apes,12
secepat,12
rekomendasikan,12
lakukan,12
tutup,12
kiraan,12
pelunasannya,12
para,12
pencuri,12
sebegitu,12
nyatanya,12
berbunga,12
laporan,12
periode,12
perbulan,12
sebelah,12
kira,12
anjir,12
manfaat,12
memerlukan,12
mencuri,12
pulsa,12
tangan,12
service,12
yakin,12
ditambah,12
tentunya,12
secepatnya,12
batalkan,12
denda,12
tindak,12
rupiah,12
kuota,12
menjaga,12
pendaftarannya,12
ilegal,12
menolong,12
menyarankan,12
mendapat,12
penggunaan,12
ajuin,12
bisnis,12
payleter,11
inginkan,11
caranya,11
satset,11
membuat,11
bodong,11
terbukti,11
miskin,11
seminggu,11
cepatt,11
bosku,11
silakan,11
responnya,11
kebanyakan,11
adik,11
gajian,11
khawatir,11
okee,11
akal,11
tele,11
set,11
pendek,11
si,11
jadinya,11
permanen,11
tingkat,11
diteror,11
akhir,11
kecepatan,11
dukungan,11
cicilannya,11
unistall,11
langkah,11
apps,11
keterangan,11
beres,11
mantapppp,11
jiwa,11
menemukan,11
jamin,11
halo,11
malahan,11
etika,11
tanggap,11
dibutuhkan,11
tercepat,11
perhari,11
tanya,11
selanjutnya,11
lo,10
review,10
lemot,10
muka,10
besok,10
segan,10
didalamnya,10
harusnya,10
joss,10
daptar,10
berbuat,10
pay,10
permintaan,10
bermutu,10
efisien,10
kondisi,10
via,10
menolak,10
berutang,10
iseng,10
antarmuka,10
sat,10
bagian,10
sempurna,10
digital,10
main,10
pencairanya,10
gerak,10
ingat,10
terlebih,10
dekat,10
mendukung,10
pelit,10
perubahan,10
berarti,10
terimah,10
menyatakan,10
legal,10
fungsinya,10
fast,10
sambil,10
langganan,10
gas,10
mencicil,10
bukannya,10
kemana,10
suatu,10
ekonomi,10
approve,10
berhenti,10
kembalikan,10
tertera,9
membuka,9
wow,9
dilunasi,9
step,9
privasi,9
luaskan,9
surat,9
pinjamyuk,9
berbicara,9
sepeserpun,9
super,9
panggilan,9
serius,9
dahulu,9
permudah,9
adamodal,9
berjalan,9
membutuh,9
temponya,9
rabu,9
dowload,9
relatif,9
live,9
mengapa,9
bawah,9
namakan,9
limite,9
staf,9
kacau,9
butuhkan,9
dibuka,9
sok,9
memungkinkan,9
pertanyaan,9
kah,9
asal,9
simpan,9
dipermudah,9
kurangi,9
penolakan,9
melihat,9
ter,9
malu,9
menjawab,9
mu,9
berubah,9
berbelit,9
menarik,9
kaum,9
membutuhkannya,9
asli,9
bicara,9
pengajuanya,9
dipersulit,9
guys,9
termasuk,9
bingung,9
merupakan,9
turunin,9
oknum,9
andalkan,9
antarmukanya,9
sangatt,9
bla,9
bodoh,9
error,9
curi,9
untung,9
berat,9
berhubung,9
tadinya,9
penuh,9
uinstal,9
harga,9
bolak,8
diperbaiki,8
hormat,8
beruntung,8
sebarkan,8
tentu,8
meski,8
terdesak,8
worth,8
bi,8
tentang,8
ditunda,8
dilunasin,8
pngajuan,8
sempat,8
menelponi,8
nyata,8
semenjak,8
lengkapi,8
menurun,8
lunaskan,8
amann,8
kepercayaan,8
god,8
menutup,8
sepanjang,8
bantuanya,8
aplksi,8
t,8
tipu,8
makan,8
wajib,8
berbulan,8
sebab,8
meringankan,8
pesan,8
semogah,8
binatang,8
berikutnya,8
terimkasih,8
kabupaten,8
kredivo,8
syaratnya,8
ribett,8
ajuan,8
diapk,8
telponin,8
trimakasi,8
berulang,8
tes,8
sana,8
mencukupi,8
lindungi,8
nilai,8
pikiran,8
kunci,8
jumat,8
tulisan,8
ngeri,8
membatalkan,8
bekukan,8
satunya,8
screenshoot,8
efektif,8
maupun,8
ikuti,8
maling,8
iklannya,8
konsisten,8
sepersen,8
pinjamnya,8
markotop,7
pijaman,7
antar,7
berani,7
screenshot,7
bermodalkan,7
produk,7
minta,7
standar,7
dikemudian,7
rakyat,7
gara,7
limid,7
terverifikasi,7
dipercepat,7
bntang,7
sengaja,7
taunya,7
jawaban,7
dipergunakan,7
promo,7
jual,7
setahun,7
perusahaan,7
pembaruan,7
muhammad,7
verifikasinya,7
berengsek,7
setujuin,7
not,7
pemula,7
nol,7
menggangu,7
mencairkan,7
bersyukur,7
ky,7
hubungi,7
terganggu,7
instan,7
trimaksih,7
palsu,7
pinjamam,7
kalah,7
sosial,7
keamanan,7
jelaskan,7
mebantu,7
pinjama,7
layar,7
sakit,7
barat,7
bawa,7
mempunyai,7
puluhan,7
komen,7
dijaga,7
berkualitas,7
bahasa,7
later,7
pengembaliannya,7
mantabbb,7
penagih,7
lanjutkan,7
daripada,7
pinjamanya,7
pergunakan,7
kesusahan,7
ngotak,7
recommend,7
bagai,7
pendanaan,7
memohon,7
memilih,7
tepercaya,7
mw,7
ancam,7
pinjm,7
pekerjaan,7
make,7
real,7
iming,7
ataupun,7
ramai,7
fungsi,7
menghubungi,7
keamanannya,7
mengumpulkan,7
minjemin,7
jelass,7
kelima,7
rasa,7
korban,7
formulirnya,7
downlod,7
kalangan,7
sibuk,7
dikirim,7
pinjamgo,7
bermodal,7
diancam,7
insyaallah,7
stabil,7
menunggak,7
ibuk,7
berisik,7
penilaian,7
berbeda,7
bijak,7
setuju,7
konsumen,7
dwonload,6
jejak,6
lanjuti,6
kasihan,6
siang,6
prosedur,6
pusing,6
kelancaran,6
melebihi,6
kesempatan,6
registrasi,6
kerren,6
bocor,6
janji,6
bad,6
mendownload,6
diverifikasi,6
dibilang,6
menyelesaikan,6
kenyamanan,6
penjelasan,6
berbagai,6
kejelasan,6
mkasih,6
pengembalian,6
segini,6
bertanya,6
dimengerti,6
membntu,6
dikarnakan,6
donlod,6
makanya,6
adminnya,6
uh,6
undang,6
kilat,6
pinjamwiwin,6
persen,6
wallet,6
bukanya,6
ah,6
nelp,6
utama,6
toko,6
heran,6
bismilah,6
macet,6
keluhan,6
opsi,6
merekomendasikan,6
lucu,6
balas,6
pantas,6
mendaftarnya,6
najis,6
sabar,6
masuknya,6
alasannya,6
mampu,6
kepolisian,6
layanannya,6
belit,6
terbilang,6
limited,6
pengambilan,6
info,6
pergi,6
bahaya,6
npwp,6
berkata,6
memulai,6
bapa,6
meminjamkan,6
dicicil,6
mantp,6
berkas,6
rejeki,6
bangkai,6
survei,6
nasional,6
tertulis,6
mmbntu,6
hapuskan,6
kerahasiaan,6
terendah,6
memperpanjang,6
ampun,6
diberi,6
rincian,6
dikala,6
anti,6
aturan,6
dta,6
terutama,6
kecamatan,6
potongannya,6
menganggu,6
undur,6
on,6
paksa,6
and,6
tagihannya,6
okey,6
terkait,6
genting,6
sekaligus,6
h,6
berobat,6
sippp,6
seharusnya,6
riba,6
jaringan,6
diisi,6
sore,6
anomali,6
menbantu,6
paket,6
turunkan,6
slik,6
seluruh,6
ringkas,6
friendly,6
mengingatkan,6
jarak,6
pukul,6
kamis,5
indah,5
bot,5
batal,5
mudahnya,5
mmbantu,5
donload,5
bego,5
nelepon,5
pembiayaan,5
playleter,5
akui,5
keterlambatan,5
dikira,5
bayangkan,5
berkedok,5
demi,5
fiturnya,5
berlangganan,5
bermasalah,5
aktivitas,5
meresahkan,5
terusan,5
kota,5
pembodohan,5
kabur,5
menguntungkan,5
dibuat,5
galbay,5
alfamart,5
ewallet,5
bergabung,5
bobrok,5
mengejutkan,5
tertarik,5
kenal,5
promosi,5
whatsapp,5
titik,5
sebaik,5
dapatkan,5
sisa,5
mengalami,5
menambahkan,5
haha,5
blok,5
buktinya,5
mengurangi,5
ditinjau,5
aplilasi,5
ketentuan,5
disebar,5
memakan,5
barusan,5
jikalau,5
kabar,5
cuman,5
coy,5
kepastian,5
tersebar,5
dimana,5
normal,5
kekurangan,5
kelamaan,5
memberatkan,5
bnar,5
negara,5
marah,5
gandos,5
stujui,5
media,5
perivikasi,5
kepentingan,5
playstore,5
mutu,5
assalamualaikum,5
sebesar,5
way,5
paylatter,5
pemakaian,5
berbelanja,5
timur,5
yaitu,5
rusak,5
otomatis,5
apalikasi,5
ujungnya,5
mhon,5
jutaan,5
caer,5
pijam,5
seiring,5
berjalannya,5
terpaksa,5
fleksibel,5
mengembalikan,5
karnakan,5
kesalahan,5
pertgl,5
melanjutkan,5
jadikan,5
mudahh,5
kecuali,5
darat,5
disarankan,5
ditunggu,5
percobaan,5
nasabahnya,5
mantull,5
drastis,5
bagua,5
maki,5
bangus,5
stop,5
kerjasamanya,5
okok,5
tunaikuu,5
lipat,5
virtual,5
setidaknya,5
tulis,5
terkesan,5
terlanjur,5
bar,5
scam,5
pilih,5
jawabnya,5
pinjamanwinwin,5
aflikasi,5
perekonomian,5
alias,5
dihubungi,5
kesal,5
memaksa,5
ratusan,5
berkat,5
terburuk,5
asalamualaikum,5
alaikum,5
kaleng,5
by,5
angsurannya,5
jalan,5
se,5
leher,5
melacak,5
mantappppp,5
sebentar,5
konyol,5
haram,5
meminjamnya,5
adakan,5
omong,5
santun,5
versi,5
okelah,5
goood,5
bro,5
gjls,5
saudara,5
biodata,5
perdana,5
diinginkan,5
atm,5
jta,5
cairr,5
menerus,5
paylaternya,5
diminta,5
bermaksud,5
pembelian,4
kualitas,4
matap,4
dibatalkan,4
loading,4
hangus,4
pindah,4
tahunan,4
fakta,4
gunakn,4
pnjm,4
sikap,4
metode,4
daftarkan,4
menyukai,4
recomen,4
lainya,4
kalimantan,4
menurutku,4
bersama,4
mikro,4
tindakan,4
ktpnya,4
istri,4
membantuu,4
dipertahankan,4
menyusahkan,4
jebakan,4
keringanan,4
nominalnya,4
mantaplah,4
menuntut,4
sistemnya,4
nagihnya,4
bangsat,4
pembatalan,4
hehe,4
call,4
tujuan,4
terpenuhi,4
ambang,4
apliksi,4
pemeriksaan,4
pengawasan,4
agus,4
berikut,4
gacor,4
lamban,4
terasa,4
juli,4
segi,4
diakses,4
ngabisin,4
sangkutan,4
josssss,4
setor,4
ditagih,4
maksud,4
ayu,4
this,4
menghargai,4
teliti,4
perperiode,4
tukang,4
spinjam,4
detail,4
pengaturan,4
ditlp,4
japo,4
alah,4
komplit,4
goblok,4
play,4
ratus,4
taiii,4
pernh,4
mengikuti,4
tar,4
tertanggal,4
kenyataanya,4
luck,4
gambar,4
fitri,4
termudah,4
perbaikan,4
sagat,4
bersih,4
biarkan,4
bisanya,4
dimudahkan,4
kantor,4
tunaikan,4
pasword,4
penguna,4
senin,4
ih,4
playlater,4
afk,4
merasakan,4
buru,4
diselesaikan,4
kuat,4
accnya,4
aslinya,4
berhadapan,4
kesabaran,4
sepenuhnya,4
pengajuanku,4
ferivikasi,4
brtanggung,4
terlihat,4
menyala,4
risih,4
jualan,4
keempat,4
terang,4
pngjuan,4
ditawarkan,4
sekalipun,4
nmor,4
bismillahirrahmanirrahim,4
mudh,4
maksudnya,4
mentah,4
galak,4
do,4
diubah,4
dikirimkan,4
seseorang,4
mempersulit,4
cerdas,4
kamera,4
minim,4
serupa,4
bonus,4
sebagus,4
menyediakan,4
store,4
mental,4
kedepanya,4
rubah,4
setengah,4
intuitif,4
omzetnya,4
mala,4
easycas,4
mati,4
tranfer,4
rasanya,4
engak,4
terbayar,4
shopee,4
meneror,4
semudah,4
prosedurnya,4
kepihak,4
diajukan,4
komprehensif,4
pengoperasiannya,4
hai,4
kenaikan,4
ulasannya,4
berbahaya,4
memastikan,4
kompetitif,4
serba,4
tenang,4
jarang,4
uangan,4
at,4
krisis,4
link,4
mari,4
biyaya,4
kelihatan,4
mah,4
hitam,4
jaman,4
minimarket,4
ovo,4
setan,4
accc,4
kere,4
orisinal,4
menyewa,4
trm,4
trimksh,4
usut,4
hubung,4
mngajukan,4
repot,4
to,4
dipotong,4
lintah,4
tergantung,4
kekinian,4
pengancaman,4
itupun,4
ubah,4
ujian,4
mengajukannya,4
maksimal,4
man,4
hitung,4
niatnya,4
menjalankan,4
juragan,4
token,4
polisi,4
kuliah,4
keseluruhan,4
score,4
pinjamanku,4
sial,4
tekanan,4
rahmat,4
p,4
okeee,4
dipaksa,4
gunaan,4
boro,4
tuntas,4
terakhir,4
menyebar,4
teraman,3
disayangkan,3
puass,3
ditingkatkan,3
gunanya,3
yu,3
selatan,3
catatan,3
topp,3
setoran,3
sanga,3
disc,3
jockey,3
egk,3
tlpon,3
costumer,3
berakhir,3
pelajari,3
va,3
terhitung,3
sekor,3
love,3
dacc,3
kerjanya,3
atasi,3
iphone,3
terpakai,3
sayangkan,3
sehat,3
sebagainya,3
melapor,3
tegaskan,3
tenks,3
sekalian,3
pinjmn,3
berhari,3
al,3
telefon,3
kridit,3
salut,3
terhadap,3
mepet,3
member,3
lawak,3
kau,3
diskon,3
dangat,3
komentar,3
mnit,3
pelayananya,3
mengirim,3
nah,3
jawabannya,3
penghasilan,3
bulanan,3
asyik,3
bang,3
payletr,3
pnjaman,3
cepaat,3
sayaaa,3
julo,3
jenius,3
buktikan,3
pi,3
oren,3
huhu,3
developer,3
mudahhh,3
trimksih,3
okk,3
minimalis,3
duanya,3
sekitar,3
nada,3
sesuaikan,3
mdhan,3
terbaikk,3
ucapkan,3
biasanya,3
inilah,3
trmksih,3
mempengaruhi,3
layananya,3
tersembunyi,3
menghadapi,3
bersifat,3
ketiga,3
bertransaksi,3
tercatat,3
selesaikan,3
donwload,3
akunnya,3
nin,3
loloskan,3
lngkap,3
manfaatnya,3
kejutan,3
terduga,3
ponsel,3
realisasi,3
maulana,3
riber,3
semangat,3
kemajuan,3
modus,3
me,3
duitnya,3
mengetahui,3
samgat,3
perhatian,3
rekam,3
memeras,3
penggunaannya,3
tenggat,3
meninjau,3
dioperasikan,3
memaki,3
bersahabat,3
biadab,3
paham,3
rekom,3
dimohon,3
checking,3
yusup,3
kemari,3
apalah,3
apak,3
potong,3
mntapp,3
wmzetnya,3
pengoperasian,3
mengecek,3
manis,3
menulis,3
berjam,3
gaji,3
copot,3
pedagang,3
id,3
slip,3
undangan,3
temui,3
alamat,3
bijaksana,3
batasnya,3
dinaikkan,3
bodol,3
jumlahnya,3
dibanding,3
rizky,3
waduh,3
mandiri,3
gud,3
pokoke,3
hancur,3
tolakk,3
memproses,3
dwi,3
kg,3
sebagian,3
jatu,3
pencet,3
asalkan,3
penggunanya,3
semuga,3
limitny,3
lekas,3
berurusan,3
sangaat,3
dihari,3
keterangannya,3
pegawai,3
terjebak,3
peminjamannya,3
siii,3
perjanjian,3
dibayarkan,3
du,3
for,3
beban,3
sedikitpun,3
perbarui,3
merah,3
istimewa,3
penjelasannya,3
kejar,3
sim,3
nelfonin,3
kreditnya,3
minjamin,3
done,3
tanah,3
milik,3
keburu,3
sepihak,3
perhatikan,3
bakso,3
sertifikat,3
melaporkannya,3
tunaiki,3
don,3
support,3
monyet,3
demikian,3
mutasi,3
bye,3
tawarkan,3
dipinjamin,3
cakap,3
ranah,3
muluk,3
periksa,3
rencana,3
jenis,3
cairnyaa,3
terawasi,3
apilkasi,3
setia,3
mengerikan,3
dalamnya,3
kendalanya,3
angkat,3
sayangi,3
pintar,3
gembel,3
alhasil,3
ranting,3
darah,3
blog,3
pinajaman,3
jtuh,3
tidur,3
lncar,3
pembohong,3
lagu,3
bungan,3
peningkatan,3
wanita,3
indentitas,3
penjaman,3
nantinya,3
balasannya,3
jadwal,3
kesekian,3
ssh,3
ampas,3
tombol,3
layak,3
memudah,3
aqulaku,3
bunawi,3
tampilannya,3
nge,3
aprove,3
tua,3
ekspektasi,3
anehh,3
mg,3
pokonyaa,3
situ,3
peroses,3
siapkan,3
manapun,3
membuang,3
gasss,3
overall,3
unintal,3
dsalah,3
non,3
pylater,3
hak,3
mndesak,3
bentuk,3
veripikasi,3
burik,3
pastikan,3
menguninstal,3
dak,3
tnggung,3
ataw,3
nur,3
mentok,3
bagusnya,3
menunya,3
playter,3
tersimpan,3
pinjman,3
pengisiannya,3
perasaan,3
loding,3
warga,3
kredibilitas,3
bayarr,3
unstal,3
instruksi,3
persetujuannya,3
oppo,3
selang,3
dimasukkan,3
brtnggung,3
memahami,3
karyawan,3
membaca,3
banding,3
putih,3
tanggapi,3
minimal,3
sabtu,3
jawa,3
dipelajari,3
tmpo,3
terbaiklah,3
pengiriman,3
bilangnya,3
molai,3
tercantum,3
lelet,3
antara,3
csnya,3
khusus,3
kehidupan,3
embel,3
butut,3
credit,3
membingungkan,3
plus,3
rata,3
pesanan,3
tawaran,3
mantulll,3
segalanya,3
adab,3
sahabat,3
indomaret,3
goodjob,3
penarikan,3
emosi,3
menjebak,3
menjamin,3
ketentuannya,3
aksesnya,3
jossss,3
jawabanya,3
bedakan,3
luas,3
financial,3
tampilan,3
terbaru,3
perhatiannya,3
penagihnya,3
sengat,3
ai,3
ajar,3
pasang,3
menjelaskan,3
kuli,3
walet,3
vepat,3
ngacem,3
tertolong,3
salahkan,3
mundur,3
justru,3
binta,3
pulang,3
neror,3
diganti,3
pemerintah,3
penyelesaian,3
dataku,3
menguninstall,3
histori,3
dompet,2
kondar,2
sedih,2
menelepon,2
talangan,2
rapi,2
nak,2
bungane,2
goog,2
ontime,2
kurirnya,2
geblek,2
pengecekan,2
obyektif,2
dinaiki,2
parahhhh,2
ra,2
mantaaaap,2
tolonglah,2
bolehlah,2
geratis,2
kalaw,2
bayat,2
sinting,2
penuhin,2
gunaaan,2
woyyyy,2
membagongkan,2
ungah,2
piutang,2
midah,2
terhapus,2
hentikan,2
application,2
sinii,2
bahas,2
terserah,2
kriteria,2
kayaknya,2
siiiiip,2
sajalah,2
biarpun,2
borang,2
sportif,2
swafoto,2
marketingnya,2
balek,2
tlpnin,2
pknya,2
hutangku,2
tertentu,2
terikasih,2
sesulit,2
pertamanya,2
tanggapannya,2
saling,2
inti,2
v,2
terbaca,2
membayarnya,2
boskuu,2
deal,2
dilihat,2
adil,2
waspada,2
dapatnya,2
sayh,2
tertipu,2
penyimpanan,2
tenorny,2
gaya,2
memikirkan,2
kinerja,2
pendaptaran,2
turu,2
mantaappp,2
biso,2
celeng,2
respons,2
lu,2
malaikat,2
ibai,2
bintg,2
menghindari,2
sa,2
semak,2
sollollohu,2
blokir,2
nasib,2
mantrap,2
jari,2
semisal,2
minjm,2
memuas,2
okkk,2
ribut,2
hilangkan,2
bilamana,2
terjaga,2
peduli,2
mobile,2
terahir,2
payment,2
kembangkan,2
respond,2
batasan,2
pengingat,2
mencapai,2
setalah,2
trik,2
tg,2
mengakui,2
terkunci,2
reset,2
tempuh,2
disebarkan,2
papa,2
dikenal,2
benahi,2
jum,2
harian,2
blan,2
bpjstku,2
inj,2
listrik,2
paya,2
terpecahkan,2
khususnya,2
ngajuh,2
tarik,2
adukan,2
seluler,2
terror,2
taikkk,2
dicari,2
letak,2
tata,2
bermain,2
punjaman,2
cahaya,2
tertinggal,2
tertahan,2
manap,2
palah,2
pol,2
hmmm,2
menyuruh,2
ceritanya,2
ogah,2
apli,2
antek,2
ditelp,2
saudaraku,2
kelanjutannya,2
gess,2
pembayaranya,2
cum,2
bacot,2
mas,2
responya,2
kelas,2
belakangan,2
pimpinan,2
bissmillah,2
disimpan,2
hapuss,2
baju,2
spamm,2
tanggalnya,2
alfa,2
work,2
tetangga,2
maunya,2
adaan,2
selebihnya,2
sminggu,2
enda,2
belasan,2
mengkonfirmasi,2
mengaku,2
jagm,2
situasi,2
mantaps,2
hoaxx,2
kalaupun,2
oky,2
menyegarkan,2
kini,2
qris,2
sepengetahuan,2
penundaan,2
isthebest,2
prioritas,2
terburu,2
fokus,2
menyelesaikannya,2
ongkos,2
bayr,2
bertnggung,2
pemgajuan,2
kebingungan,2
notip,2
menyiksa,2
mngecewakan,2
sombong,2
cacat,2
santai,2
pool,2
syukur,2
pendanaannya,2
bintng,2
yea,2
pengajian,2
menyebalkan,2
tlt,2
meladeni,2
tlfn,2
ge,2
diam,2
tertinggi,2
hemat,2
dibekukan,2
bestttt,2
nma,2
mukanya,2
dinaikan,2
dlo,2
adapundi,2
dikurangi,2
urusannya,2
terhubung,2
asese,2
barbar,2
jenisnya,2
kerabat,2
ac,2
sadar,2
duduk,2
diganggu,2
transfaran,2
berhasill,2
wb,2
wr,2
diingatkan,2
seterusnya,2
menyukainya,2
lemah,2
sebuah,2
jh,2
dengar,2
okke,2
woiii,2
tergiur,2
sekaliiii,2
danta,2
feripikasi,2
digunain,2
semog,2
ia,2
paut,2
sangkut,2
pasport,2
keterima,2
ta,2
mantaffff,2
cancel,2
ganpang,2
stnk,2
seharian,2
nyekik,2
rinci,2
pedoman,2
tampil,2
fix,2
integritas,2
penyelamat,2
maksimum,2
apload,2
pull,2
pengakuan,2
mempercepat,2
samph,2
berjaya,2
menginstal,2
usahakan,2
bermanfat,2
talang,2
bisakah,2
double,2
alat,2
berpengaruh,2
katro,2
yulia,2
promonya,2
bagis,2
sabgat,2
syariat,2
buk,2
card,2
sebanyak,2
menaikkan,2
fotonya,2
kalkulator,2
mencakup,2
tolok,2
pending,2
mei,2
nb,2
uatas,2
trimaksh,2
ngajuan,2
dimasuki,2
tentukan,2
fi,2
seakn,2
koreksi,2
apliaksi,2
atur,2
swmoga,2
yasmin,2
mengganti,2
aktip,2
perihal,2
beserta,2
idiot,2
kontl,2
nicee,2
brooo,2
astaga,2
terlintas,2
rekommed,2
from,2
menyalahkan,2
finance,2
dewi,2
menyimpan,2
pnghapusan,2
melulu,2
minus,2
kritis,2
uinstall,2
pangajuan,2
buga,2
ruang,2
sopannya,2
melainkan,2
mengemis,2
membuktikan,2
have,2
paraaah,2
cc,2
njaman,2
eeeee,2
ditindaklanjuti,2
tinjau,2
pencurian,2
fintech,2
pusat,2
terdapat,2
gajls,2
tanggapan,2
can,2
pengobatan,2
llos,2
apanya,2
statusnya,2
tggl,2
empat,2
if,2
tingi,2
dah,2
paylatternya,2
o,2
balikinnya,2
misal,2
testing,2
kosong,2
pemberian,2
berhak,2
ditelponin,2
maksh,2
anjlok,2
melahirkan,2
meminjan,2
mengahapus,2
clean,2
clear,2
kehilangan,2
fantastis,2
meninggal,2
approved,2
op,2
penambahan,2
flexi,2
ketat,2
mengetik,2
lmit,2
sulitan,2
kenapaaa,2
cih,2
well,2
nongol,2
permudahkan,2
kesana,2
lag,2
diperhitungkan,2
modah,2
kampung,2
menginformasikan,2
hacker,2
diluluskan,2
kecilan,2
menyampah,2
mks,2
mntab,2
mamtap,2
godd,2
dpkai,2
amana,2
sangar,2
bebas,2
brulang,2
refund,2
sukseskan,2
perform,2
na,2
ajak,2
sangaatt,2
positif,2
tik,2
kemampuan,2
level,2
perkembangan,2
mantaabb,2
anehhh,2
telusuri,2
capat,2
benerrr,2
direkening,2
penyelenggara,2
goodd,2
sakau,2
sata,2
mudhan,2
menyalagunakan,2
badan,2
berada,2
c,2
salam,2
kouta,2
gax,2
tib,2
sanagat,2
aktifkan,2
seandainya,2
he,2
memintak,2
keredit,2
putra,2
tangung,2
dagang,2
diturunin,2
log,2
prioritaskan,2
mata,2
ratingnya,2
posting,2
quick,2
semiga,2
ramadan,2
sehabis,2
memangnya,2
ful,2
terkirim,2
tunggakannya,2
easycah,2
nyese,2
tap,2
errror,2
jobs,2
trua,2
terbanyak,2
usahanya,2
sayanya,2
paten,2
terbuka,2
haris,2
say,2
urgen,2
dipinjol,2
kaget,2
alami,2
next,2
rajin,2
petunjuk,2
persyaratanya,2
bermanpaat,2
mendaftarkan,2
bgaimana,2
dataan,2
as,2
edan,2
berusaha,2
sesui,2
cantumkan,2
warna,2
manusia,2
kerekening,2
daerah,2
dibaca,2
perputaran,2
sebegitunya,2
padah,2
peminat,2
hormati,2
perampok,2
stres,2
pinjoll,2
buku,2
dialokasikan,2
tempatnya,2
mua,2
awesome,2
gangguan,2
yaman,2
diperbesar,2
join,2
toppppp,2
elektronik,2
dibatasi,2
pokoknyaa,2
diklik,2
prosesny,2
bintangny,2
dongok,2
lancarkan,2
andi,2
menempuh,2
noda,2
pitur,2
bntng,2
situs,2
appk,2
bocorkan,2
bedanya,2
dajjal,2
nua,2
logout,2
jernih,2
seribet,2
out,2
penolakannya,2
sewaktu,2
disalahkan,2
hujan,2
berniat,2
perosesnya,2
peninjauannya,2
ngisinya,2
penggajuan,2
disetujuin,2
masalahnya,2
reject,2
skira,2
selengkapnya,2
aac,2
sala,2
caiir,2
apliksinya,2
tk,2
burukkkk,2
jatimurni,2
mencurigakan,2
masarakat,2
save,2
bintan,2
menyulitkan,2
brobat,2
bakan,2
brwjb,2
pihk,2
mlaporkn,2
ingnkn,2
bayaran,2
bohongan,2
emergency,2
trdftar,2
mhn,2
wajar,2
nggu,2
terlau,2
hpku,2
j,2
nyh,2
digit,2
rasakan,2
euy,2
mengunistal,2
dalan,2
l,2
ngelag,2
burukk,2
ditanggapi,2
ngerampok,2
sangant,2
tlvon,2
bayarkan,2
jlk,2
memalukan,2
terlunaskan,2
aga,2
beribu,2
sales,2
intimidasi,2
merepotkan,2
rungkad,2
engganya,2
bug,2
enggk,2
facebook,2
berterima,2
pembaharuan,2
risiko,2
rupanya,2
kolektor,2
nik,2
virus,2
dna,2
ngacam,2
am,2
selasa,2
didapat,2
mulut,2
banking,2
ketinggalan,2
permata,2
cilik,2
manfaatkan,2
konsumennya,2
rizki,2
manusiawi,2
dibagi,2
ewalet,2
terpenting,2
purnomo,2
kejam,2
menggiurkan,2
sediakan,2
menawar,2
rezeki,2
sing,2
seram,2
menumpang,2
kepala,2
bis,2
salagunakan,2
amplikasi,2
studio,2
ditf,2
dimanapun,2
melayani,2
tok,2
setorannya,2
langsunh,2
sri,2
bertujuan,2
peringatan,2
cpatt,2
sakti,2
game,2
tb,2
gopay,2
diharapkan,2
yohanes,2
kodenya,2
woi,2
persyarannya,2
pt,2
pekerja,2
ketemu,2
kemungkinan,2
haous,2
kegiatan,2
ribettt,2
penerima,2
kelak,2
misalkan,2
penyalagunaan,2
sekebun,2
saldonya,2
komitmen,2
gkbisa,2
nlp,2
market,2
sembarangan,2
meningkatkan,2
account,2
nekat,2
menagihnya,2
sx,2
pertanian,2
dendanya,2
perpanjang,2
ggak,2
npah,2
siapapun,2
kirimkan,2
adapun,2
beberapakali,2
etitudenya,2
amankan,2
sekaliii,2
mulutnya,2
caci,2
menyaksikan,2
bersaksi,2
aplication,2
beretika,2
pinjamkan,2
bahayain,2
mengembangkan,2
mnjam,2
pertolakan,2
suadah,2
deadline,2
preman,2
berwenang,2
diaplikasikan,2
menyangka,2
keberatan,2
bobol,2
pengjuan,2
veri,2
hewan,2
ejek,2
kalo,2
urus,2
verikasi,2
bagusssssss,2
calon,2
faktanya,2
peripikasi,2
elektrik,2
ditanggal,2
pemberitauan,2
z,2
apklikasi,2
daya,2
prima,2
bakar,2
ketidak,2
tagihnya,2
pinjanan,2
berbentuk,2
tnggal,2
kalien,2
fleksibilitas,2
line,2
ideal,2
prsetujuan,2
pendapatkan,2
diragukan,2
awali,2
kerumitan,2
tinaiku,2
aplikasinyaa,2
umur,2
ciciclanpun,2
tuniaku,2
pontianak,2
huhuyyyy,2
afpi,2
inh,2
limits,2
provinsi,2
express,2
membantuuu,2
terlindungi,2
tercapai,2
besttt,2
memadai,2
ditunaiku,2
toppp,2
selisih,2
berizin,2
utara,2
hapis,2
tuaniku,2
pantai,2
dilindungi,2
nnya,2
batalin,2
was,2
ngabantu,2
usia,2
tulisannya,2
awasin,2
dolwon,2
palu,2
guyss,2
bestt,2
bersaing,2
dinyatakan,2
hulu,2
video,2
sulawesi,2
ngntri,2
buwang,2
administrasi,2
ongkirnya,1
taji,1
msknpn,1
gunakam,1
visa,1
pegang,1
ks,1
luc,1
impian,1
saban,1
kesebar,1
licik,1
bicaranya,1
terparah,1
taiiiiiii,1
pahala,1
minjamkan,1
tambhan,1
tpat,1
dtmbhkan,1
namabah,1
perbaharui,1
pijnam,1
shoping,1
hobi,1
fioritas,1
castamer,1
bosong,1
jijik,1
spayletter,1
nyediain,1
mehong,1
mncapai,1
mumpung,1
berkendara,1
contact,1
kenyataan,1
chek,1
hambil,1
lentenir,1
apakan,1
get,1
ditelfon,1
deeehh,1
perfect,1
atupun,1
malanturn,1
pulsanya,1
wassallam,1
terpat,1
niceee,1
kategori,1
setelahnya,1
jossssssss,1
konsumenya,1
lak,1
berpaling,1
gerha,1
wh,1
quality,1
minjen,1
hadeuhhh,1
mendaptarnya,1
barangny,1
android,1
amakin,1
buag,1
sampen,1
kridet,1
kepuasan,1
unggulan,1
mmebantu,1
xr,1
ip,1
joshhh,1
ych,1
sebut,1
mbngking,1
retas,1
tkt,1
memutuskan,1
nampaknya,1
santay,1
bertahan,1
dirikalian,1
sandiri,1
teledor,1
oktober,1
tagl,1
pasward,1
gunskan,1
cuadk,1
berapapun,1
legalitas,1
tokpi,1
penj,1
janganlah,1
paranoid,1
menyebabkan,1
tandain,1
rebu,1
rampok,1
zeus,1
maxwin,1
ditertibkan,1
taat,1
dgunakn,1
sadis,1
fullin,1
lawan,1
sesingkat,1
kemalingan,1
tengang,1
berfungsi,1
mgkinn,1
niatmah,1
sda,1
mskpn,1
ylater,1
pisaaan,1
cir,1
tenore,1
siki,1
pinjolku,1
madalah,1
barng,1
cakep,1
vivo,1
dinapprove,1
pembyaran,1
jelad,1
jqngan,1
jagakan,1
kunyuk,1
gasuh,1
sehar,1
seharu,1
siy,1
sebulanan,1
entahlah,1
mantaapppp,1
bisuak,1
off,1
mimpi,1
teroris,1
pmbyara,1
uch,1
ngaju,1
kosongin,1
rutin,1
punyak,1
paylleter,1
bagud,1
reccomend,1
peninjau,1
ngajukn,1
ketola,1
termkasih,1
nelfoan,1
mintaa,1
nyepam,1
ndal,1
ditambha,1
nomilal,1
guah,1
appun,1
bintangg,1
korbanya,1
menyicil,1
rendahh,1
tess,1
mengkhayal,1
historis,1
sekarabg,1
barakat,1
menjual,1
tko,1
phone,1
menyelsaikan,1
termakasih,1
banayak,1
kecilin,1
punyai,1
uyeeee,1
helpfull,1
teratas,1
khe,1
membayarkan,1
semur,1
pendendam,1
dannpinjaman,1
gunaanan,1
bngeut,1
rokom,1
aelain,1
prihal,1
laptop,1
hall,1
gra,1
fakk,1
melunasinya,1
seharga,1
lamaan,1
kekita,1
keselurahan,1
menghapusny,1
brw,1
barus,1
lolosss,1
aed,1
sulistia,1
vicka,1
atasss,1
masukk,1
pengakuannya,1
dapeet,1
bwat,1
dtolak,1
limiiit,1
prrnah,1
daruratnya,1
bangrut,1
kantorny,1
chatt,1
belsnja,1
bust,1
ditetapkan,1
lunass,1
ktedit,1
keci,1
paylatet,1
andalakan,1
return,1
berinovasi,1
dibeli,1
muntap,1
pinjan,1
proporsional,1
lagsung,1
sipan,1
sebelun,1
reminder,1
garis,1
dibodohi,1
suruhh,1
terpilih,1
godjob,1
menjalin,1
diketerangan,1
capeee,1
biaa,1
bkaln,1
swdikit,1
afknya,1
perose,1
akulku,1
kejlur,1
dllnya,1
perusahan,1
wuraswasta,1
ribbet,1
memcoba,1
digunakam,1
musah,1
cicilqn,1
swmakin,1
terlat,1
loyalitas,1
toppppppp,1
ramay,1
trprcaya,1
membayagnya,1
dilaporkan,1
ntaps,1
bgusq,1
gajihan,1
letter,1
gacorr,1
scan,1
sslu,1
smogaa,1
koprasi,1
terjerumus,1
linta,1
prepikasi,1
tolongin,1
terimaksi,1
gampng,1
cas,1
wokeh,1
cumaa,1
pajangan,1
sebatas,1
bin,1
luckk,1
gooodd,1
bangjrut,1
voucer,1
smapai,1
payalter,1
rendahnya,1
shift,1
vo,1
kred,1
bagussemoga,1
resep,1
dobol,1
najissddd,1
sekolahkan,1
akhlak,1
teeima,1
benr,1
cod,1
berharga,1
barangnya,1
terklik,1
kerakstore,1
kiriman,1
tugu,1
patung,1
bingtang,1
tplon,1
seles,1
ribeeet,1
iklanin,1
habisan,1
dihina,1
penghinaan,1
berhasik,1
ditarik,1
rndah,1
pelyanan,1
gratis,1
asu,1
penilayan,1
kebantu,1
fakum,1
setelahlunas,1
pembayar,1
dibenahi,1
puaass,1
limidt,1
nantikan,1
huftt,1
pembanyaran,1
bayarmudah,1
habisnya,1
tiada,1
peminjamnya,1
redah,1
aslian,1
bonusan,1
ngmbil,1
aplkasi,1
smgaaa,1
paileter,1
opsional,1
fd,1
perpanjangan,1
saratnya,1
susaah,1
asuuuuu,1
konpirmasi,1
tehnologi,1
verybad,1
deskripsi,1
diperlihatkan,1
ajuiin,1
telilti,1
dijebak,1
serasa,1
ata,1
walpun,1
bitang,1
bertamabah,1
amnh,1
accpokony,1
terimakaih,1
bermaafaat,1
rwewl,1
turin,1
lemotttttt,1
diunduh,1
sesuia,1
chair,1
emi,1
pendaftannya,1
beroprasi,1
tlf,1
berkahi,1
veririfaksi,1
ass,1
mantaaappp,1
disamakan,1
rupiahpun,1
pengisiaan,1
keder,1
merespin,1
tets,1
pon,1
my,1
saatni,1
lagisemoga,1
pinjamnnya,1
gakbis,1
yatuhan,1
perkara,1
gilirin,1
trma,1
terusssssssss,1
sangaaatttt,1
persaratan,1
komunikasi,1
buniamin,1
menggagalkan,1
jngin,1
fitriasari,1
nadia,1
perkenalkan,1
pustaka,1
gramedia,1
gooda,1
bagsu,1
bahus,1
dicairkn,1
terhimpit,1
sukes,1
guddd,1
accept,1
cepar,1
kocakk,1
ngsh,1
direturn,1
dikembalikan,1
disalurkan,1
kocakkkk,1
handal,1
kewl,1
isgood,1
diriku,1
syaratnyapun,1
tampaknya,1
bingitz,1
joz,1
salahgunkan,1
terkeren,1
mertua,1
seklai,1
mengupload,1
bahjss,1
sakali,1
bismillaj,1
alasanya,1
penolong,1
ulng,1
bossqu,1
okehhh,1
dowlnoad,1
aplksinya,1
detikpun,1
dtk,1
mnggu,1
seluruhny,1
angkatan,1
tentara,1
dataw,1
harapkan,1
bingtg,1
memcekik,1
apakaha,1
okkkwee,1
dpake,1
prosesnta,1
bguss,1
tooooopppppp,1
nugraha,1
yongky,1
digukan,1
angsuranny,1
yyyy,1
quuu,1
fuull,1
ahai,1
pola,1
kontraknya,1
pengajusnnya,1
waskito,1
bayu,1
melegenda,1
pekayanannya,1
famili,1
tergolong,1
memabantu,1
agst,1
selamau,1
melaluai,1
owner,1
relasi,1
ngising,1
alsan,1
judul,1
msukin,1
bt,1
berisil,1
pelajar,1
mengobrol,1
bersedia,1
permohonannya,1
perlahan,1
succes,1
tarus,1
berxx,1
batalakan,1
losss,1
entar,1
emamg,1
perrama,1
allahamdullialah,1
berencana,1
menyelamatkan,1
mengunjungi,1
diwaktu,1
pembualan,1
basmi,1
tabar,1
hdeeh,1
minatnya,1
pormulirnya,1
putirabinanga,1
ditambahin,1
tidqk,1
terfavorit,1
solnya,1
bintange,1
merekomendasikannya,1
diarahkan,1
ngejelimet,1
modol,1
jemboot,1
kdpannya,1
halus,1
pengisia,1
maantaaopp,1
meminjem,1
latifah,1
umi,1
perharinya,1
ketahui,1
mudaham,1
stafnya,1
andal,1
mendownloadnya,1
terapkan,1
apply,1
seringkali,1
ditangguhkan,1
menyiapkan,1
takuuutt,1
dibsetujui,1
waauuu,1
terbantukan,1
xuy,1
timakasih,1
ok,1
eeehh,1
kerenmm,1
permana,1
dian,1
tonggal,1
suami,1
million,1
tahan,1
mega,1
need,1
realy,1
whene,1
helpuly,1
realu,1
diintimidasi,1
merasan,1
debkolektor,1
more,1
obligation,1
mqntap,1
niceeee,1
bastards,1
distinguish,1
definitely,1
brain,1
castamers,1
are,1
there,1
arrogant,1
date,1
due,1
long,1
even,1
installments,1
paying,1
mengunistla,1
akbar,1
aturannya,1
louding,1
slagi,1
membabtu,1
biayaya,1
smogo,1
tingg,1
hayo,1
ngajukin,1
run,1
vermuk,1
untukmengisi,1
sedekah,1
halangan,1
bolehkn,1
oengguna,1
hap,1
dlaam,1
bak,1
mulaii,1
frepikasi,1
corr,1
lago,1
sistimnya,1
itulah,1
melunaskan,1
ditipu,1
kasardan,1
abang,1
kedepannyaaa,1
nyangkak,1
response,1
accya,1
blur,1
berulangkali,1
inikah,1
formulis,1
mantao,1
mantal,1
oba,1
gapusing,1
goodddd,1
kemanapun,1
berhutang,1
tipe,1
pengertian,1
divoba,1
disejutui,1
goks,1
seemoga,1
peras,1
gnta,1
tgih,1
kluarg,1
sulitsemoga,1
keususahan,1
praktisi,1
penuhi,1
najakaa,1
bangeut,1
cobq,1
playan,1
diperbarui,1
susahnya,1
diabaikan,1
umpan,1
dasarnya,1
renda,1
direspon,1
hade,1
pkok,1
noribet,1
siklus,1
kukurangi,1
barulah,1
maksin,1
pendaptatan,1
mantapa,1
lgii,1
amanaha,1
mentapl,1
bkntang,1
bagusb,1
ragukan,1
pinjjaman,1
dmest,1
merespons,1
mwmbantu,1
realita,1
judulnya,1
ek,1
nikmati,1
peroleh,1
kelayakan,1
cakeup,1
tifak,1
rawr,1
sidik,1
menyembunyikan,1
menempatkan,1
bahagia,1
urgensi,1
kekerasan,1
pengumpulan,1
dikatakan,1
tejadi,1
bast,1
woke,1
mengisinya,1
sunaryo,1
utamakan,1
dproses,1
betapa,1
kagum,1
perberian,1
bermohon,1
operasi,1
servicenya,1
baguz,1
niz,1
phami,1
bermaat,1
somoga,1
mijam,1
bohongii,1
presendi,1
pertimbangan,1
wartawan,1
contoh,1
denggan,1
kenali,1
elegan,1
mendapatkannya,1
dikunci,1
senangggg,1
kerannnnnn,1
terbaikkkk,1
depannya,1
tipuan,1
bhest,1
odong,1
snagat,1
genggam,1
tetimah,1
barangkali,1
mangga,1
anjingggg,1
penerimaan,1
sangkat,1
sek,1
prose,1
diksh,1
dikalah,1
pelaut,1
reknya,1
terbaiklh,1
ngertiaku,1
lamaaaaaaaaaaaa,1
pencaiena,1
langit,1
anjurkan,1
lakau,1
vripkasi,1
freelance,1
membwri,1
aplikasinyg,1
dafftar,1
ramaikan,1
pengelolaan,1
depanya,1
pesrsyaratan,1
lisma,1
digas,1
kalimat,1
hadeeuuh,1
semga,1
platfrom,1
click,1
cairkn,1
siwar,1
masyarat,1
srenshoot,1
yk,1
cheat,1
screensoot,1
nenang,1
analis,1
dmoga,1
sem,1
duga,1
wak,1
lgbutuh,1
prosesx,1
perhatianya,1
azizah,1
pertolongan,1
anggit,1
laaa,1
pinjaan,1
berkelanjutan,1
pinyjam,1
eltrikal,1
mendwonload,1
seperinya,1
pokokmya,1
membutihkam,1
finplus,1
ret,1
berhasi,1
bangkrutttt,1
klurahan,1
semmoga,1
dikabulkan,1
yooo,1
gool,1
gold,1
cairkanya,1
bungaya,1
diamanahkan,1
josbangwt,1
memanfatkan,1
kenalan,1
kebetulan,1
gantung,1
tertipuu,1
syarah,1
cepatttt,1
insaallah,1
cob,1
pandu,1
bermafaat,1
accpi,1
segitudulu,1
lembut,1
program,1
poin,1
melamar,1
penghasil,1
cenderung,1
reall,1
tetapkan,1
polisikan,1
kolektornya,1
pengngajuan,1
rehat,1
tapibpembayaran,1
joooos,1
sesekali,1
mohn,1
meylegunaka,1
perioriti,1
saangat,1
bermamfaat,1
mengjukan,1
jatuhtempo,1
sayapun,1
solusii,1
zonkk,1
berpikirlah,1
hariannya,1
allahhamduli,1
mudahn,1
memerlukannya,1
tinngi,1
jiga,1
anjlokkk,1
pooll,1
memijam,1
terimanya,1
disampaikan,1
easih,1
dilengkapi,1
msak,1
bidang,1
mengunggah,1
bianga,1
terbaek,1
anehhhh,1
dipermainkan,1
penjelasannyaa,1
lahiran,1
mudun,1
butukan,1
cepatcair,1
seratus,1
senantiasa,1
mendahulukan,1
betanya,1
sawit,1
kembalinya,1
nafas,1
kecepetan,1
sayangg,1
mnrut,1
pinjmaan,1
time,1
bayarlah,1
kenaapa,1
kenpa,1
agent,1
agalbay,1
tempoh,1
melunadi,1
sganat,1
diperbolehkan,1
kbtuhan,1
esaycash,1
oertahankan,1
apliasi,1
oinjaman,1
limotnya,1
aplikasiini,1
persetujuanya,1
watt,1
bged,1
daruratt,1
ezycash,1
mggu,1
bulanya,1
essy,1
disaya,1
sebebarnya,1
pinjmannya,1
banshat,1
daftarx,1
melewati,1
gooddd,1
terapdate,1
berdasarkn,1
gesit,1
essycas,1
smpaii,1
ketimbang,1
tekening,1
yakain,1
ditendang,1
pemimjam,1
pemimnjam,1
robotnya,1
makai,1
berblan,1
mingguan,1
pengembang,1
fake,1
hafus,1
tolongg,1
tercekik,1
marketplacenya,1
kupon,1
dicairkannya,1
essycash,1
ppt,1
mles,1
sulses,1
pelusanan,1
tertib,1
anjinnggg,1
kontollllll,1
pepekkk,1
sanggup,1
kebutahan,1
bersumpah,1
tmpa,1
coo,1
cra,1
tolongdong,1
akyn,1
mlakukan,1
akunsaya,1
gobglog,1
diantara,1
ciar,1
budah,1
diturunkan,1
awam,1
deasycash,1
melumasi,1
tod,1
punten,1
udha,1
mksi,1
merkotop,1
limat,1
digagalin,1
trllu,1
pmbyarn,1
pemotongannya,1
perluan,1
pemirsahhh,1
dicairin,1
pengaju,1
mengatasinya,1
dteror,1
power,1
fulll,1
mkasihhh,1
makmur,1
semuany,1
loci,1
pelayannannya,1
begituan,1
nlfonin,1
persalah,1
ukt,1
nasaba,1
dikecilkan,1
gunakana,1
seprtinya,1
penuntutan,1
penghapus,1
ifan,1
jiancuk,1
tlfon,1
kedapanya,1
bonuslainya,1
trsferan,1
sherly,1
mat,1
efesien,1
cepatdi,1
disetui,1
wahidguntur,1
dikma,1
cicilanl,1
vip,1
loloss,1
lamakk,1
bangkaiii,1
papah,1
terlampau,1
gajiannya,1
sesuaikanlah,1
peetama,1
anggap,1
depcolector,1
hhiiiiiiii,1
brkurang,1
limitx,1
awalx,1
menungguj,1
invonya,1
keriset,1
sah,1
hya,1
janjinya,1
ngembantu,1
dijanjiin,1
tinjauan,1
selsai,1
ngebetein,1
miliar,1
easycashenyebar,1
rampung,1
perhitungan,1
mhal,1
esycash,1
kecawa,1
dijanjikan,1
terbaikkkkk,1
kwajiban,1
mmbayar,1
jelaskn,1
lunasun,1
kperluan,1
kikuk,1
easycach,1
tomatis,1
tolank,1
hiburan,1
baruuu,1
ansuranya,1
dikondisi,1
ibab,1
teleponin,1
bala,1
melskukn,1
habsi,1
koneksi,1
terlamat,1
teruskan,1
caiirin,1
aflikasainya,1
pemberi,1
mitra,1
jjr,1
iklnya,1
buset,1
eassycash,1
pokonamah,1
bnyakk,1
kecewanya,1
gaspol,1
esices,1
bsi,1
ngsing,1
ssuh,1
sayng,1
maklum,1
byrnya,1
limir,1
entot,1
jembot,1
piceeek,1
matanya,1
aktifin,1
jozzzzzzzz,1
perih,1
kebesaran,1
menerangkan,1
katirin,1
servis,1
bapat,1
eneg,1
instalasinyaa,1
palin,1
mendingn,1
terjerat,1
ajuhkan,1
hhaaddeehh,1
resek,1
semula,1
padalan,1
diterimah,1
jatuj,1
dievaluasi,1
murni,1
apala,1
cashh,1
ngek,1
ngkk,1
membagong,1
kasus,1
peneror,1
sela,1
disela,1
siihhh,1
beginik,1
memuaska,1
disistem,1
srkor,1
caernya,1
behhhh,1
surga,1
angin,1
capcaiiii,1
jth,1
anjng,1
nlpon,1
dafatar,1
perngertianya,1
kartunya,1
ptonhan,1
fuck,1
rebahan,1
lingkaran,1
amah,1
rokok,1
menjerumuskan,1
mengecawakan,1
bertuliskan,1
tekan,1
kolo,1
ngeriti,1
paspor,1
kumpulkan,1
menggantung,1
wulandari,1
putri,1
panjng,1
jakarta,1
tri,1
perlindungan,1
noti,1
pemboodohan,1
lgsur,1
tepon,1
alhamdllah,1
heeh,1
kacou,1
dunasi,1
kreduit,1
mcf,1
usul,1
pemakaiannya,1
uklan,1
denanga,1
signifikan,1
server,1
legah,1
cuaks,1
memverifikasi,1
penjarah,1
cucian,1
sanak,1
ambial,1
tangga,1
cjzcnv,1
perempuan,1
ekspetasi,1
dukses,1
slow,1
prosesnnya,1
aguatus,1
mengis,1
all,1
over,1
diangkat,1
malm,1
pinjampun,1
bikini,1
ngomong,1
lumit,1
cuan,1
ngojek,1
gedenya,1
terbest,1
istal,1
tapinya,1
ndkbisa,1
istianah,1
memvonis,1
semingguan,1
edanan,1
bagettttt,1
perbaikannya,1
utnuk,1
seberapa,1
otaknya,1
verifiksi,1
tetpilih,1
bangsa,1
mngguan,1
kebntu,1
dimainkan,1
depkoleptor,1
doble,1
lajj,1
jir,1
geude,1
aplod,1
penaikan,1
pemirsa,1
pnggilan,1
sesudah,1
slot,1
menemui,1
mandafat,1
bagaimn,1
tempon,1
minat,1
mengesalkan,1
endorse,1
kredito,1
jawabn,1
setoranya,1
limitnyaa,1
san,1
wlp,1
dipermalukan,1
kumpul,1
teroran,1
membengkak,1
tgihan,1
bhakan,1
mmbyar,1
siluman,1
scammer,1
isinya,1
ngwerriii,1
dama,1
berisiknya,1
desak,1
keterlambatannya,1
jeleknya,1
talat,1
salamcerdas,1
menyarakan,1
janganpernah,1
dar,1
petamadi,1
danpengambilan,1
marketignya,1
dibohongi,1
dicapai,1
easycasy,1
marketing,1
kloniklan,1
easeycash,1
easycsh,1
mwnghapus,1
menggsngu,1
sertakan,1
membutukan,1
pendapat,1
bandingkan,1
transaksinya,1
skb,1
sema,1
srlalu,1
hina,1
mencoreng,1
diketahui,1
kal,1
penagihn,1
brwajib,1
clearkan,1
anjj,1
datadiri,1
segitun,1
anggaran,1
menekan,1
begah,1
tampilkan,1
percairan,1
madih,1
selvi,1
bruntung,1
hubungannya,1
verivikasinya,1
diksih,1
bakalan,1
disruh,1
esyices,1
selangit,1
dobel,1
dpaat,1
berbisnis,1
anjxxx,1
telt,1
memercayai,1
muzdalifah,1
siangan,1
wlw,1
diringankan,1
wooooeeee,1
kereeeennn,1
bloom,1
pembersihan,1
laprkan,1
banknya,1
dilayar,1
dtelpon,1
bosss,1
fasilitas,1
pekek,1
bangga,1
meretasnya,1
saaangat,1
mengajukkan,1
dqn,1
dllu,1
ilham,1
adrilah,1
menyanggupi,1
limitya,1
agen,1
pgna,1
menunda,1
keberkahan,1
kesehatan,1
sekira,1
represikan,1
terberi,1
memperburuk,1
danmasuk,1
xl,1
ngblank,1
persyrtannya,1
regestrasi,1
menganalisanya,1
kedesak,1
kesadaran,1
berarty,1
bene,1
parahhhhhh,1
gencar,1
perak,1
nunggam,1
penjebak,1
kedepennya,1
kerupuk,1
beratitud,1
sekamaren,1
easycase,1
bagusssssaaaaaaaa,1
males,1
tpt,1
verkurg,1
menipis,1
kelemahan,1
pertmma,1
rianingtias,1
mlkkan,1
produktivitas,1
tendah,1
untungan,1
sistim,1
gdein,1
minjemnya,1
direjec,1
scamm,1
hidayat,1
kamal,1
baned,1
susai,1
orosesnya,1
easycaah,1
pembocoran,1
hasipanlah,1
bludah,1
asing,1
bodohi,1
rekomed,1
pknjaman,1
alipujo,1
plunasan,1
santuy,1
dminta,1
pengajuany,1
bik,1
dihilangkan,1
perjanjaian,1
logis,1
beloon,1
menteror,1
kbutuhan,1
dati,1
membantuku,1
antap,1
berwajip,1
dslah,1
mntabb,1
pengajiuan,1
gkgk,1
nomornya,1
bogor,1
stasiun,1
jambret,1
mudadahahan,1
kecicilan,1
paking,1
sss,1
joo,1
munarkocoba,1
nyacepet,1
fotografer,1
haruskah,1
camera,1
mdandiyulianta,1
temukan,1
astuti,1
expection,1
aapan,1
selanjut,1
baguuss,1
sedunia,1
mtpp,1
amaze,1
prpses,1
trpecaya,1
keangkat,1
kelihat,1
perip,1
dibacc,1
leled,1
jago,1
ll,1
tadak,1
periman,1
unustal,1
lohout,1
muli,1
penyalhguna,1
lmmbgtbsih,1
aplikasiya,1
gad,1
skore,1
dichek,1
proser,1
pjnjaman,1
far,1
semofa,1
crpat,1
pertaman,1
fatners,1
beast,1
your,1
lake,1
identifikasi,1
center,1
jikala,1
ccc,1
terfoto,1
ditekan,1
sigap,1
sainglah,1
canggih,1
teknologi,1
pergerakan,1
loadingnya,1
geregetan,1
detel,1
celana,1
susanto,1
joko,1
uni,1
penyalahgunaaan,1
perjuangan,1
mogo,1
sloww,1
pukii,1
baiknya,1
alangkah,1
aih,1
detect,1
ngacoooo,1
goodddddd,1
hadeeeh,1
mantappppppp,1
ruslan,1
retting,1
lainlah,1
ehk,1
pajang,1
nant,1
vertifikasi,1
mohor,1
beeeh,1
satr,1
bekli,1
petama,1
okeeeeee,1
pokokx,1
bundah,1
degan,1
lahir,1
kolom,1
syiah,1
bonavit,1
device,1
massa,1
aploud,1
sinar,1
dipinta,1
keblokir,1
customernya,1
upaya,1
disediakan,1
gbz,1
tunggal,1
meragukan,1
salahh,1
berfaedah,1
ntb,1
teruntuk,1
dikonfirmasi,1
safitri,1
alamin,1
rabbal,1
mengundurkan,1
kesejahteraan,1
gesss,1
kelanjutan,1
mencet,1
tolakkk,1
vangkeee,1
vantek,1
njamur,1
kuciwo,1
ari,1
heemmm,1
appl,1
pngluaran,1
breng,1
brhrap,1
sdi,1
garibet,1
dihapuskan,1
yenny,1
dikedpnnya,1
pernyataan,1
surantap,1
punjamannya,1
penfisian,1
klinya,1
jja,1
dahan,1
nunggunya,1
mudsh,1
ceba,1
motor,1
memperbaiki,1
frastiawan,1
komtak,1
sruh,1
lasih,1
kecill,1
jekpot,1
masyaallah,1
cbh,1
ngopy,1
setujuhin,1
berangkat,1
soalmya,1
mengataskan,1
miliki,1
dsri,1
mk,1
susanti,1
wuly,1
wawan,1
lihatnya,1
kurir,1
benarr,1
buangw,1
penunjang,1
goodbles,1
makasiiiiih,1
abissss,1
andelin,1
fikss,1
berotak,1
edit,1
ulansan,1
tambhin,1
bklan,1
cairrr,1
satupun,1
pertimbangkan,1
rltai,1
lalot,1
semogajadi,1
besuki,1
persusah,1
situbondo,1
direkturnya,1
mengantongi,1
sponsor,1
buram,1
apik,1
sukri,1
kurnia,1
riset,1
trms,1
mambah,1
keputusan,1
pecobaan,1
aplikasinyya,1
membnatu,1
boskku,1
pancairan,1
perluh,1
thks,1
beratkan,1
sudaj,1
ulanh,1
awa,1
perkenalan,1
ribettttt,1
dicepatkan,1
xx,1
sol,1
vertipikasi,1
proseskan,1
valid,1
pelakukan,1
sempak,1
gwh,1
wkwkwkwkkwk,1
seret,1
siatem,1
katany,1
astagfirullah,1
membebankan,1
cepak,1
lagsg,1
marko,1
sangnya,1
kebutuahan,1
laki,1
kelamin,1
sangatttttt,1
jelasssss,1
goid,1
kto,1
try,1
kalou,1
bung,1
suweee,1
keriting,1
amergency,1
parizal,1
sisytem,1
sajaa,1
semogandi,1
halaman,1
batsss,1
yeoat,1
supportnya,1
sekaran,1
yusradison,1
postingan,1
bit,1
mantaaapppp,1
mmpermudah,1
bisi,1
ndw,1
sebwluem,1
screnshot,1
antoni,1
limt,1
trbantu,1
kalow,1
mambuhh,1
pjman,1
loodingnya,1
looding,1
perumit,1
riil,1
walaulun,1
unisital,1
buntang,1
manttap,1
tembahan,1
bamtu,1
penvajuan,1
pengajuanki,1
leg,1
atap,1
renov,1
bentar,1
malesss,1
musim,1
kntor,1
intor,1
gs,1
pjm,1
pemasukan,1
nyq,1
nekaneko,1
paoikas,1
bosqu,1
prosek,1
aan,1
gaberguna,1
jabar,1
pos,1
bkasi,1
melati,1
pondok,1
rukun,1
perlama,1
jempol,1
mendesakk,1
lengkp,1
lanacar,1
usahany,1
uri,1
toleransi,1
melengkapi,1
diloloskan,1
pendapatan,1
biyasa,1
sinyal,1
anomi,1
mdahan,1
pengajiannya,1
jeli,1
standarr,1
mendaptkan,1
listirk,1
terussssss,1
enteng,1
keyyy,1
enggaknya,1
reqomended,1
bergunaaaa,1
perifikasi,1
berkaitan,1
agust,1
kenamudah,1
dipaylater,1
pepe,1
musingkeun,1
pemberitahuannya,1
rumitt,1
regisnya,1
lan,1
pinjemin,1
siiippp,1
maskotnya,1
mmbatu,1
pelangan,1
semago,1
bisah,1
cepaaaaat,1
mantabbbbb,1
kebanyakaan,1
gaka,1
datangnya,1
medaftar,1
pelukan,1
menawan,1
trcantum,1
mnyalah,1
unsintal,1
mualai,1
tunduk,1
perundang,1
peraturan,1
sayasetuju,1
babungulan,1
perlakuan,1
trmksi,1
pinjamangoo,1
pina,1
bengek,1
centang,1
alkmdllh,1
biarlah,1
masakan,1
nyobaa,1
reting,1
nuggu,1
rate,1
deeehhhh,1
khadafi,1
masok,1
lingkungan,1
kuantitas,1
penjaguan,1
max,1
prises,1
disgerakan,1
beralih,1
mengunistall,1
liburan,1
yaelah,1
akunya,1
aplikaai,1
hasilna,1
tatap,1
ags,1
menungguh,1
alnya,1
akulaki,1
scair,1
aisya,1
bimsillah,1
gustiiii,1
keluhkan,1
rt,1
residenci,1
hantu,1
perumhan,1
sawah,1
kp,1
raya,1
jlan,1
alamt,1
security,1
tersbut,1
mtor,1
gadean,1
tebusan,1
kekurangannya,1
mengdonglod,1
sadi,1
aki,1
mego,1
ngejalaininya,1
bareng,1
upayakan,1
installl,1
hadee,1
kantornya,1
ridi,1
trimkch,1
diacca,1
agsts,1
akulaaku,1
satria,1
dpatkn,1
persyaratn,1
lamgsng,1
kuksh,1
abangku,1
banyaknya,1
ilove,1
sangk,1
awokwokwowk,1
ut,1
taeee,1
sayaakan,1
burukkk,1
please,1
pembuat,1
ketoko,1
hapussss,1
tokonya,1
padal,1
kemabali,1
pakei,1
mahending,1
peringatkan,1
ketahuan,1
unisntall,1
trunin,1
mudik,1
dsuruh,1
paarahhhhhhh,1
logo,1
banyakan,1
tmbhin,1
intruksi,1
ibumu,1
tercurang,1
termiskin,1
lobang,1
molor,1
sidikridwanullah,1
bertangung,1
senaknya,1
sembrono,1
pijamango,1
yees,1
memperluas,1
saepudin,1
pesaratanya,1
slnya,1
apkn,1
pnjam,1
memex,1
melancarkan,1
punguna,1
disebabkan,1
madbuang,1
perlancar,1
frivikasi,1
secapet,1
lbi,1
pegajuan,1
bgaus,1
rekomnlah,1
bintabg,1
kasig,1
pendataanya,1
berkapasitas,1
okkkkkk,1
membant,1
menyakiti,1
keteman,1
satt,1
sinarmas,1
jelekk,1
gabis,1
apabilang,1
vrifikasi,1
wakt,1
kliyata,1
naja,1
lipid,1
home,1
sekelas,1
usahakn,1
cetak,1
diperangkat,1
mantaaapp,1
og,1
taiikkk,1
goblokkkk,1
varian,1
kejadiaan,1
miskol,1
katasandi,1
diaxc,1
godddd,1
sembangaran,1
mengisiny,1
nyesak,1
sebaliknya,1
bertangggung,1
pengajukan,1
asa,1
hadeehhh,1
kameranya,1
cemerlang,1
geys,1
diverfikasi,1
mbitukann,1
bqgi,1
menbatu,1
om,1
bunda,1
dipinjamango,1
brkah,1
jagn,1
biji,1
smpey,1
dintolak,1
rak,1
dcuri,1
maksudmu,1
friend,1
alaihiwassalam,1
menyamper,1
telfn,1
rantingnya,1
tambahi,1
pinamango,1
dilain,1
diperhatikan,1
bissmilah,1
stahun,1
anjaayyy,1
karya,1
menangani,1
sensasi,1
penjaga,1
butuhhh,1
pinjamanan,1
permohonanku,1
berwajb,1
lporkn,1
gunkn,1
gajjihan,1
menindak,1
menyikapi,1
dukcapil,1
minnnn,1
imbalannya,1
people,1
gdjob,1
modernmembuat,1
identifikasinya,1
penumpukan,1
jawban,1
ala,1
kasbonan,1
kendaraan,1
manatau,1
diapprove,1
sekalee,1
ampuh,1
taoi,1
hudha,1
yulian,1
nurul,1
trrs,1
direkam,1
mengenal,1
kunakan,1
menitip,1
maf,1
ditolk,1
dpercepat,1
kompeten,1
tegas,1
persalinan,1
bamgke,1
joooooooooooooos,1
membayartepat,1
thrifting,1
jazzakillah,1
gooood,1
persyaran,1
ajaiburrizkunkarim,1
pencairran,1
joossss,1
sampahh,1
berasil,1
laman,1
bantuuuu,1
toling,1
sensus,1
cyman,1
chas,1
esey,1
kapaeng,1
ayolah,1
kapuang,1
pemodalan,1
kereeeeennnnnnn,1
dipakek,1
ragudallam,1
prasetyo,1
sellalu,1
memuskn,1
layanqn,1
kpana,1
rifki,1
reklame,1
layani,1
ditlpn,1
solutif,1
kerdit,1
gito,1
sekeluarga,1
viral,1
jooos,1
hubngi,1
omongan,1
kainlapp,1
artinya,1
mngblikn,1
goddd,1
aplikas,1
rendahin,1
cepek,1
sangatterbantu,1
phising,1
izinkn,1
caduk,1
taeeeekkkkk,1
melawak,1
terperinci,1
nginput,1
pimpin,1
terorganisir,1
triswanto,1
saputra,1
nurdiansyah,1
kesayangan,1
himbau,1
penyimpangan,1
walapun,1
revieu,1
lumayn,1
bunuh,1
nawarain,1
tepar,1
rbet,1
pendapatannya,1
winwim,1
hidupmu,1
mengonfirmasi,1
sekk,1
gorong,1
informasikan,1
mngecewakn,1
yyyu,1
berkuarang,1
komunis,1
partai,1
pembayannya,1
ambl,1
okeeeey,1
billa,1
bangkek,1
seketika,1
toop,1
dsebarkan,1
ganda,1
ngasitau,1
pengumpul,1
prss,1
splikasi,1
hendak,1
ketepatannya,1
itsti,1
gasal,1
bocorin,1
sebarin,1
berkegiatan,1
downloadlah,1
rekeningku,1
layannya,1
kocik,1
selagi,1
kecilnya,1
kelakuan,1
seler,1
promosinya,1
dicek,1
darirat,1
mengsalahgunakan,1
mayoritas,1
dcnya,1
revisi,1
kasuss,1
jamgan,1
coustomer,1
peniph,1
penyebar,1
repotnya,1
korbannya,1
acur,1
pencerahannya,1
gat,1
brhsil,1
acv,1
allhamdullah,1
rekomedasi,1
muncullah,1
memasukan,1
recomendasi,1
pembayayaran,1
dibersihkan,1
apenawaran,1
bangatt,1
syadi,1
ketmu,1
pemungut,1
bayak,1
kbthn,1
rayuan,1
merangkai,1
pandai,1
uji,1
sepam,1
kalikan,1
sesuka,1
tenorr,1
soalnt,1
untuh,1
ditrima,1
utuh,1
seetelah,1
cewa,1
penak,1
menemani,1
tamabahan,1
merintis,1
jajan,1
cibeureum,1
tasikmalaya,1
pinjamwin,1
penutukan,1
wifi,1
berhubungan,1
cairrin,1
dk,1
tutun,1
tolang,1
mempergunakan,1
apkliasi,1
sadisss,1
cicilany,1
okehh,1
huh,1
nyuba,1
tergoda,1
gasy,1
direktur,1
ssaya,1
prna,1
otpnya,1
pertengahan,1
janjikan,1
kejebak,1
hnpus,1
mndonlot,1
spaylater,1
cuku,1
karyawannya,1
senyuman,1
dididik,1
uniistlal,1
kwalitasmu,1
nyakittin,1
bonto,1
pivacy,1
limut,1
solution,1
zero,1
padahan,1
dikarena,1
tamabah,1
trnyat,1
srh,1
feedback,1
qr,1
sampurna,1
mengira,1
teroror,1
belakang,1
naiknya,1
mengemaskan,1
kecilkecil,1
memuhi,1
scor,1
gab,1
jahat,1
jtan,1
unisnital,1
brkembang,1
bramanah,1
ujungnyjg,1
pengnmanjuan,1
mengakuinya,1
yolong,1
tngl,1
delete,1
gembor,1
gembar,1
palafom,1
alamsyah,1
trimakssih,1
nlpn,1
lapo,1
kejahatan,1
wahyudi,1
albi,1
ikhwan,1
mke,1
siiip,1
drama,1
stepnya,1
scrensoot,1
sugiyanto,1
pjmn,1
bertgg,1
expetasi,1
f,1
pemakai,1
robot,1
dianggap,1
comennya,1
dilancarkan,1
ditlpon,1
tunghu,1
mengutamakan,1
rekomeded,1
penghuni,1
iblis,1
pemeras,1
bangs,1
llagi,1
penyakit,1
mkasihn,1
pinjolcm,1
alesannya,1
wewenang,1
yeyyyy,1
pengertiannya,1
permisi,1
trimalasih,1
meninggalkan,1
sendirinya,1
dhpus,1
hbungan,1
pinjaminwin,1
lolosin,1
rosa,1
elanda,1
jooooosssssss,1
saking,1
terud,1
usulkan,1
tngn,1
tnda,1
kesenjangan,1
kara,1
juara,1
keong,1
negeri,1
erorr,1
tololl,1
dipinjami,1
keras,1
tagung,1
rancuh,1
dipesan,1
ti,1
berkewajiban,1
mengisis,1
bayarrr,1
melelahkan,1
telponi,1
kintan,1
kecwa,1
seimbang,1
usahlah,1
sakalangkong,1
ketolak,1
temksh,1
plyastor,1
jalas,1
terikat,1
katax,1
kebijakannya,1
sebutuh,1
gu,1
koleksi,1
keridit,1
kebijakan,1
allhamdulilah,1
capung,1
gigit,1
aktf,1
kereeeeeeeeee,1
belaga,1
jembuuut,1
kereeee,1
turut,1
berturut,1
ngeerrrii,1
tas,1
ditoko,1
mamntap,1
deras,1
kondisinya,1
paginya,1
kasirnya,1
sumber,1
bgusssss,1
kinclong,1
glowing,1
tidal,1
maksudx,1
besoknya,1
mkasi,1
membantunya,1
debes,1
daglog,1
cepqt,1
direk,1
hgoood,1
kotor,1
kantorrr,1
danany,1
tfr,1
regist,1
duliy,1
mendanai,1
pinjamwunwun,1
instagram,1
youtube,1
iklakan,1
ciukkkss,1
percay,1
dlangsung,1
km,1
gati,1
tagihanya,1
babibu,1
prosedurenya,1
padamu,1
mengakukan,1
applynya,1
reapon,1
yqng,1
supangat,1
teguh,1
spyleter,1
carilah,1
panjaman,1
anfa,1
hancurkan,1
gxig,1
seteleh,1
reskianto,1
dikeluhkan,1
qw,1
lang,1
ba,1
munafik,1
simulasi,1
piatu,1
yatim,1
kon,1
setujuhi,1
jtpas,1
ajjah,1
utc,1
pembagian,1
alqamdulillah,1
kunsumen,1
kumunikatif,1
shaa,1
pailit,1
rahmayanti,1
bertahun,1
nyesellll,1
tunia,1
bertindak,1
buln,1
deteksi,1
ditelfonin,1
anjink,1
blangsak,1
gmpang,1
adak,1
bekerha,1
dibtlpon,1
dab,1
tolng,1
gaj,1
silit,1
menyumpahi,1
bisok,1
ei,1
terdepan,1
relevan,1
pengihan,1
planggran,1
sounding,1
melanggar,1
pemakainnya,1
mengerjakan,1
mengasih,1
smiga,1
downdlod,1
aederhana,1
kreditur,1
menghina,1
membual,1
plaform,1
sejam,1
au,1
bilange,1
pencairane,1
load,1
down,1
atasa,1
yanv,1
berkala,1
mainkan,1
seenaknya,1
kh,1
lega,1
pres,1
limanya,1
penilaiyan,1
hoas,1
sepap,1
pahit,1
nyeseell,1
okeeeeeeee,1
rekeningnya,1
mmbaantu,1
mengajukn,1
membenarkan,1
padalah,1
tnaks,1
nawari,1
minjami,1
wahai,1
dibidangnya,1
bankrut,1
mantbs,1
kekmana,1
puassssd,1
permulaan,1
mnjemin,1
begayak,1
bernafas,1
bgg,1
muslim,1
iklann,1
seswai,1
kin,1
memis,1
bunganga,1
mencobabterus,1
telpni,1
manandakan,1
senga,1
check,1
pengenalan,1
prioses,1
dilarenakan,1
wijoyo,1
bambang,1
meminjm,1
feri,1
tolakan,1
supercepat,1
diakhir,1
menjenhkelkan,1
pjww,1
berhasiln,1
pribada,1
respont,1
jlss,1
bosko,1
digunkan,1
penipuuuu,1
jeleeeklll,1
berhasilll,1
kalooo,1
mntaoo,1
berkebutuhan,1
ambilan,1
umum,1
rekining,1
harpa,1
scen,1
pilhan,1
keterkaitan,1
diposting,1
splater,1
efisiensi,1
flexible,1
mempercayakan,1
surut,1
hororrrr,1
kemna,1
intal,1
chace,1
amplot,1
menderita,1
kerasnya,1
pelacakan,1
mulay,1
trkait,1
ungred,1
disesuaikan,1
pmbyaranya,1
dicicl,1
pembyran,1
perh,1
berulng,1
omdok,1
danmudah,1
shope,1
ktany,1
berhati,1
asssu,1
kala,1
paulater,1
lwbberhasil,1
sejenis,1
dksih,1
itolak,1
gol,1
failed,1
dspam,1
lainnnya,1
tank,1
baruh,1
kaloh,1
duluh,1
memperoleh,1
terkendala,1
nannti,1
diaalah,1
xan,1
keterlamabatan,1
wiwin,1
tapin,1
pbila,1
mohtge,1
ratray,1
boy,1
ratiyah,1
badahal,1
mntep,1
fastrespon,1
pinjak,1
finishing,1
beritahu,1
jelaas,1
benarkan,1
nawarinnya,1
iniii,1
berkli,1
jnga,1
intrasekolah,1
siswa,1
organisasi,1
iuran,1
gedean,1
mengaksesnya,1
belummm,1
puassss,1
perperiodenya,1
flat,1
tagal,1
sumatra,1
lokasi,1
nyapun,1
kemuduan,1
gakjadi,1
kriminal,1
selamanya,1
pnjol,1
dpa,1
mnap,1
yesssd,1
krim,1
ngidi,1
ngelunasinnya,1
lunasinnya,1
ngangsurnya,1
hendra,1
ponjam,1
downlooad,1
bodoong,1
terims,1
fadzry,1
irvan,1
hoaxxxxx,1
bullshitt,1
realnya,1
lgkap,1
bersihkan,1
putar,1
terpotong,1
diajuan,1
muluh,1
kes,1
setu,1
pelayananan,1
pemipu,1
nomersaya,1
bagikan,1
rieut,1
ksusahan,1
massihh,1
stidak,1
datakita,1
mihin,1
impas,1
menyambung,1
kcl,1
receh,1
recomanded,1
apple,1
bewajib,1
waktuku,1
ngelak,1
much,1
thnkyou,1
pengajuanny,1
direject,1
didaftar,1
mail,1
cht,1
tranferan,1
ussahain,1
jangkau,1
pinjamanninih,1
vepet,1
setujuiii,1
gambarnya,1
artis,1
pinjamann,1
fanani,1
pembayran,1
berum,1
jelus,1
gsa,1
penolakany,1
patut,1
membanti,1
lapangan,1
preeeet,1
teteb,1
essyches,1
ampunnn,1
colektor,1
terditeksi,1
virusnya,1
pegunakan,1
tfnya,1
lagimasi,1
pembayan,1
ahmamdulillah,1
kerekning,1
nungak,1
pdhlnsy,1
acount,1
toak,1
menilai,1
website,1
repost,1
casenya,1
rentan,1
terussss,1
maut,1
be,1
mengalah,1
tidaak,1
awall,1
we,1
joosss,1
seterus,1
taikkkk,1
lempar,1
lagih,1
trobel,1
tengkiu,1
abdet,1
trianto,1
risqi,1
pendwk,1
nokomen,1
diperbaikin,1
suyanto,1
kesalahn,1
memuter,1
itikad,1
costamer,1
referensi,1
bismilahirohmanirohim,1
risi,1
produknya,1
luaskn,1
bertanggug,1
sehubungan,1
menejmen,1
darting,1
pertanggungjawaban,1
lunasss,1
lluuunnaasssss,1
diingat,1
sdktpun,1
terlunasi,1
record,1
mm,1
bgaimna,1
sampoerna,1
wallelt,1
tolaknya,1
pngisian,1
boots,1
sumatre,1
contol,1
moduus,1
miriss,1
ceking,1
jelasss,1
lazada,1
arni,1
niatan,1
lngsuk,1
penawarannytiap,1
dijga,1
pret,1
menangkap,1
sarat,1
menahan,1
agustua,1
tawarin,1
kaitkan,1
awalan,1
sempit,1
aju,1
seda,1
makah,1
paylaterny,1
amnil,1
nalar,1
batak,1
jangankan,1
payletter,1
sikapnya,1
membayat,1
pengasilan,1
lamanya,1
pemotongan,1
rohaeni,1
eni,1
tangihan,1
anggota,1
penwlawaran,1
boncos,1
poromo,1
piniaman,1
mengulang,1
negatif,1
binyang,1
happy,1
nty,1
effendi,1
rahman,1
pp,1
bedmod,1
mod,1
termaksih,1
mantapppppppp,1
llaporin,1
toloh,1
musnahkan,1
terlilit,1
pemprosesan,1
dainalad,1
novita,1
balasnya,1
sejuta,1
pnyalah,1
amit,1
wahid,1
mengasi,1
menurunkan,1
peangajuan,1
viralkan,1
penyampaian,1
mines,1
regards,1
merekomendasi,1
amnah,1
pertamaku,1
dihidupkan,1
perdulu,1
mentolong,1
nubain,1
gugat,1
tembus,1
pablik,1
orangnya,1
bagettt,1
ismail,1
darma,1
bonafit,1
ubingi,1
medesak,1
keuntungan,1
parahhh,1
sangattty,1
gegarah,1
arahan,1
tum,1
manejemen,1
kelaparan,1
penagi,1
apilikasi,1
adelia,1
gustia,1
depkolektornya,1
prenagen,1
gawat,1
chatnya,1
jerah,1
bermanfa,1
susu,1
berupa,1
ditulak,1
lengakap,1
prosesesnya,1
gasssss,1
pinyuk,1
saatini,1
irawan,1
pelayan,1
menemuhi,1
telad,1
tertolol,1
nasabahmu,1
finctech,1
membaik,1
bemtuk,1
jawabkan,1
dipertanggung,1
pemilik,1
uwangan,1
mbayar,1
permainan,1
etikanya,1
ulas,1
ualasan,1
komplotan,1
ngeriiiiiiiiii,1
sepuluh,1
okeoke,1
pijm,1
muadah,1
untu,1
beginian,1
dat,1
tabungan,1
tmksh,1
kontoll,1
ssngat,1
kluargaku,1
cairkannya,1
prosessnyaa,1
mantabbbb,1
dahal,1
sesusah,1
santunnya,1
pirus,1
pengauan,1
dibeda,1
sopir,1
tanksss,1
slaah,1
ngsih,1
bungga,1
propesional,1
mendekati,1
hbisin,1
berjualan,1
yoks,1
sapi,1
volta,1
menegangkan,1
tambahbintang,1
sekarag,1
uninstasl,1
evermos,1
avros,1
credivo,1
tokped,1
tergila,1
berterimakasih,1
cepal,1
diakun,1
ngehapus,1
impormasi,1
mafff,1
diipakai,1
angsur,1
google,1
sellu,1
bmdi,1
ingatkan,1
bankking,1
hadeeehh,1
bantulah,1
diperpanjang,1
mondroguno,1
menggunkan,1
laknat,1
toxic,1
lamain,1
sialan,1
remondasi,1
restuk,1
milyar,1
pencirannya,1
pencairangnya,1
hla,1
list,1
black,1
ngebar,1
moda,1
pross,1
dispam,1
meancam,1
saripah,1
giman,1
jugg,1
daftrny,1
tenggang,1
menyesatkan,1
arum,1
gajelasss,1
mode,1
ngeriii,1
hihi,1
amatiran,1
namakn,1
diakulaku,1
karenkan,1
bagaiman,1
gablay,1
ulangi,1
bgtz,1
kol,1
oelayanan,1
beguna,1
kulinya,1
pekerjanya,1
bubarkan,1
etik,1
restrukturisasi,1
enakan,1
prettt,1
sejari,1
tour,1
study,1
nuryani,1
eka,1
of,1
gebuk,1
sekih,1
jejek,1
karan,1
biyya,1
kebutan,1
smnga,1
nlm,1
pinham,1
kasihhh,1
hardiansyah,1
begtu,1
bgy,1
andalan,1
momen,1
dramatis,1
ditransfer,1
agusciarti,1
agusgiarti,1
mirawati,1
ningsih,1
henti,1
pelunasn,1
riswandi,1
cicilanya,1
marahi,1
kasarin,1
oniseptiajisaputra,1
menyekik,1
trimaksi,1
pengalhapusan,1
anggara,1
ardiansyah,1
thop,1
cung,1
mansur,1
request,1
taknkasi,1
oprasikan,1
dikaish,1
skrensot,1
nolong,1
pemabayaran,1
hany,1
kinerjanya,1
tan,1
rakus,1
tangkap,1
btalkn,1
oiikke,1
membatalknn,1
tidaknrumit,1
separu,1
besi,1
pnah,1
rianto,1
adi,1
kantin,1
kejelasannya,1
terbantj,1
terlanjut,1
senggol,1
alberto,1
refika,1
bngat,1
mudham,1
dhlah,1
jozz,1
membuatku,1
kosumen,1
aws,1
apliakasi,1
label,1
bubble,1
seolah,1
menyepam,1
mantulllll,1
biyar,1
paraahhhh,1
ancem,1
sydah,1
posisi,1
menujukan,1
jgo,1
gital,1
berikn,1
jwaban,1
blasan,1
operator,1
caht,1
pihilaan,1
menuh,1
dratis,1
iqrom,1
hallao,1
insyak,1
membutuhi,1
dipinjamkan,1
plafon,1
lumas,1
semata,1
ngejawab,1
pendaftar,1
dgng,1
menutut,1
ceroboh,1
ttup,1
axa,1
hadir,1
modalnya,1
sampingan,1
hotel,1
apikasi,1
bangik,1
tambiyo,1
jein,1
entengo,1
darson,1
beruk,1
dibalas,1
kebun,1
mebagongkan,1
sanggan,1
rochman,1
sesama,1
informasinya,1
mlengkpi,1
phm,1
mengijinkan,1
horor,1
ferikasinya,1
alihkan,1
kenepa,1
dijauhi,1
seribu,1
rencanaku,1
minusnya,1
penyetoran,1
debcolletornya,1
uangme,1
umumnya,1
selaku,1
cainya,1
burikkkkkkk,1
memperduha,1
pengisi,1
berbobot,1
kehilangam,1
ha,1
jebol,1
seenakny,1
mangkir,1
broadcase,1
pinjolnya,1
kepotong,1
terkecoh,1
bintngbya,1
aw,1
akhirat,1
gambang,1
diterror,1
prosenya,1
but,1
hapusan,1
peng,1
imanudin,1
rizal,1
moch,1
gubris,1
dunia,1
membalas,1
makian,1
tamah,1
beraninya,1
sapa,1
ribetet,1
respek,1
sampa,1
lyanan,1
akunku,1
sekasar,1
penagihanny,1
tempony,1
playate,1
memenehi,1
ngatifin,1
vertifikasinya,1
isaha,1
baim,1
perawal,1
rumut,1
format,1
apkk,1
kari,1
mudaqh,1
saua,1
hafiludin,1
idrus,1
allhammmdulilah,1
pgjuan,1
heboh,1
tisa,1
mengghapus,1
pinajam,1
ngbantu,1
terimakasihh,1
okh,1
ribiet,1
sargoni,1
fatimah,1
siti,1
dog,1
dognya,1
nerror,1
cok,1
dusalah,1
terverivikasi,1
caikan,1
daftarny,1
scpat,1
perilaku,1
ditindak,1
mantapl,1
mengormati,1
maryudi,1
mebutuhkan,1
rekomndet,1
donloat,1
mengecewkan,1
slowrespon,1
sekalih,1
senilai,1
tagihkan,1
andaikan,1
berattitude,1
pinjemannya,1
mintak,1
ngebet,1
tangapain,1
okayyy,1
trimamaksih,1
sopanya,1
arogan,1
arif,1
terot,1
ngelebihi,1
rintis,1
salahnya,1
konsepnya,1
oops,1
ahemmmm,1
tika,1
privikasi,1
nyamanannya,1
gumelar,1
aji,1
mudanh,1
ena,1
kar,1
giat,1
bntuannya,1
ifdal,1
terharmot,1
handayani,1
minjamnya,1
uniinstl,1
usha,1
rini,1
terimksh,1
temn,1
bersikap,1
mulyadi,1
vair,1
johh,1
instalasi,1
mantaaaaap,1
dsetujui,1
semoaga,1
melalukan,1
mengamuk,1
penggunaanya,1
karakter,1
kelokasi,1
koran,1
analisa,1
bedaskan,1
chwking,1
pjmama,1
ketunai,1
uniinstal,1
menyayangkan,1
celuler,1
mengeluhkan,1
sebaiknya,1
jambi,1
wilayah,1
zoos,1
amn,1
pembaharuannya,1
diikuti,1
lote,1
ajing,1
maukin,1
cepattt,1
paplikasi,1
beberaoa,1
ayam,1
seumpama,1
kesepakatan,1
mie,1
berbasis,1
tunaikufet,1
camkan,1
sop,1
bahasanya,1
diojk,1
dijelaskan,1
proseanya,1
zecara,1
sesua,1
payahhh,1
terbuktii,1
oloh,1
pantau,1
muantap,1
nihil,1
anngat,1
lembaga,1
beranda,1
setember,1
zoin,1
compreng,1
subang,1
gays,1
mrmbutunkan,1
disamping,1
karanganyar,1
khawatirr,1
sayangnyaa,1
pengawasannya,1
risaukan,1
niihhh,1
bthnya,1
senua,1
yangkeren,1
banegtt,1
pembantu,1
szaat,1
keluhannya,1
keun,1
lampung,1
cepatan,1
wueeedan,1
bhuaahahaha,1
horeeyy,1
dendaan,1
diuntungkan,1
terpercayae,1
terrrrbaikkkk,1
den,1
dihitung,1
mantapss,1
danapun,1
solihin,1
solusinyaa,1
terselesaikan,1
pakainga,1
smuahnya,1
ngedadak,1
dipikir,1
pertanyaannt,1
jdix,1
mlaz,1
klanjutan,1
tdd,1
servisnya,1
tolerasi,1
diinfokan,1
galeri,1
sedap,1
tenorpun,1
sesegera,1
mudaha,1
ojek,1
menjengkelkan,1
bengkayang,1
ledo,1
sanggau,1
terkininya,1
balikpapan,1
solekan,1
taiiiikkkk,1
balasanya,1
hidayatullah,1
menjelang,1
amannnn,1
cuss,1
terkerenn,1
amplifikasi,1
tedaftar,1
alternatif,1
mumet,1
judi,1
sarana,1
bimbang,1
hijau,1
lampu,1
berdasarkan,1
penentuan,1
gen,1
millenial,1
pasar,1
menarget,1
maksimalnya,1
loan,1
monthly,1
tersat,1
dihapusin,1
sbelumnya,1
trdaftar,1
menyebarkan,1
iniiii,1
soalny,1
meding,1
apllikasi,1
ruar,1
thee,1
tela,1
mantullll,1
banyaakkk,1
diambil,1
sejumlah,1
dowlod,1
pengerti,1
direkomeded,1
suksesterus,1
penghargaan,1
lamcar,1
speknya,1
mengajak,1
andalah,1
membuatu,1
satsett,1
hoakkk,1
nyobak,1
apliasihh,1
wih,1
pinjawan,1
dibidang,1
bukanlah,1
karn,1
goooddd,1
terpercayaa,1
terpercayaaa,1
direkomend,1
risikonya,1
mempersingkat,1
secra,1
menciptakan,1
kesehariannya,1
balesan,1
isnawati,1
iis,1
kunjung,1
menyangkut,1
teirmksh,1
termantul,1
polos,1
menjadikan,1
verry,1
kepulauan,1
tidore,1
pembelinya,1
maluku,1
kehapus,1
terafiliasi,1
peluang,1
hebatttt,1
inisal,1
pencairainnya,1
tanyakan,1
whatshap,1
kilattt,1
membangtu,1
amazing,1
diawas,1
sekerdar,1
mengagum,1
ngerekomendasiin,1
mbak,1
terimakasihhh,1
dikeadaan,1
mnedesak,1
selisihnya,1
table,1
ampir,1
ajk,1
tuniku,1
diperjualbelikan,1
mengert,1
nagus,1
mntull,1
amank,1
pembeli,1
septmber,1
mengunduhnya,1
onlinenya,1
lahhhh,1
dikurangin,1
menjaminkan,1
diemail,1
diapa,1
pinjamin,1
sajasudah,1
teroosss,1
klaten,1
kacang,1
bungkus,1
kertas,1
setebal,1
harinya,1
menggantinya,1
pengubahan,1
ternyaman,1
aplikasikan,1
menitt,1
lebar,1
goodla,1
approv,1
pinjamku,1
pijol,1
crush,1
baguslahh,1
beragam,1
tarimakasih,1
sulastri,1
amannn,1
olej,1
rendahnserta,1
sang,1
awasli,1
help,1
interactive,1
tunakku,1
mmenguntungkan,1
developmentnya,1
sobat,1
penguin,1
sahrijnf,1
mantafff,1
plafonnya,1
trimakas,1
paser,1
penajam,1
prosess,1
rekomenn,1
gaiss,1
kerrrenn,1
yengkyu,1
matur,1
diajak,1
mengajuanya,1
batalinnya,1
gakjelas,1
sendang,1
syah,1
alam,1
rusli,1
ringanin,1
okkkkk,1
awass,1
firdaus,1
fikri,1
awassi,1
diaacc,1
larna,1
pepet,1
file,1
pembobolan,1
uhuy,1
terpercayaaaa,1
patrang,1
jember,1
bintoro,1
manatap,1
garepot,1
terbagus,1
gokillll,1
notifikasinya,1
centre,1
nakal,1
keten,1
highly,1
jabodetabek,1
areal,1
bandung,1
terbaiknya,1
asih,1
mengubah,1
kepaksa,1
awsi,1
least,1
terimaksh,1
ganiat,1
cepan,1
sgalanya,1
alhmdulilah,1
sudan,1
hebatnya,1
berbijaklah,1
sampaii,1
dirawat,1
penajuan,1
rawatn,1
sisitemnya,1
investasi,1
yanh,1
apliksih,1
mengatur,1
dijadikan,1
banten,1
lebak,1
recomendet,1
kompetitip,1
terperdaya,1
apkikasi,1
perusahaannya,1
pencerahan,1
serumit,1
matrai,1
survai,1
memudahkann,1
gaperlu,1
cus,1
mudahkan,1
videokan,1
tebal,1
zoooooonggg,1
teratasi,1
sukai,1
becus,1
mesti,1
sepeser,1
terbuat,1
dicariin,1
posisinya,1
bangun,1
difikir,1
kerepotan,1
bagitu,1
lumayanm,1
tunaili,1
halnya,1
sangag,1
makash,1
memperhatikan,1
dikeluarkan,1
penanganan,1
kmudian,1
tunaika,1
ancanaman,1
kensel,1
bisanl,1
tunaiq,1
mantabbbbbbbb,1
navigasi,1
rekoment,1
kreditmu,1
kalaian,1
terakses,1
pkonya,1
pengangguran,1
wort,1
aplikasinyaaa,1
cansel,1
sertq,1
pinjamanny,1
diajuin,1
terpayahh,1
ohya,1
maluhu,1
tenggarong,1
kartnegara,1
kutai,1
adm,1
menyalahi,1
ajarnyaa,1
memaksakan,1
baguussssss,1
tunaikuuuuu,1
kapanpun,1
hukumm,1
bilaman,1
menonaktifkan,1
dai,1
ulfa,1
anita,1
co,1
tuhanku,1
terpecara,1
dico,1
ecek,1
rekomet,1
adminya,1
menjijikkan,1
pakainya,1
dapam,1
kun,1
betullll,1
snya,1
pros,1
didapatkan,1
gyss,1
biasr,1
perrnah,1
heheheheh,1
ikn,1
menurutkuuuu,1
terdebesttt,1
kesusahanku,1
panggil,1
baturijal,1
tetkeren,1
gampangg,1
cepetnbjgt,1
didekasi,1
aplikanya,1
lope,1
siiplah,1
jaringanlah,1
pleksibel,1
kedatangan,1
penandatanganan,1
ammar,1
dihubunginsama,1
pengesahan,1
prusahaan,1
mantappppo,1
tunaik,1
purtama,1
kunjungan,1
regstrasi,1
lqngsung,1
pinjamaman,1
behh,1
ole,1
memperoses,1
bulannya,1
pisaan,1
peranap,1
cecamtan,1
indragiri,1
pedas,1
karawang,1
curii,1
layuk,1
felix,1
hore,1
tengah,1
mantiklore,1
tondo,1
oantau,1
ojik,1
harii,1
plusnya,1
aolikasi,1
pipi,1
kualifikasi,1
awasai,1
budiman,1
atus,1
cewek,1
lanjutnya,1
diinstal,1
sektor,1
lapisan,1
menjangkau,1
madodet,1
dipastikan,1
ponisri,1
isti,1
riwehh,1
blmcair,1
rangdumulya,1
minyak,1
bahan,1
eu,1
antrean,1
smpi,1
atopun,1
membat,1
menggajukan,1
gjk,1
pencekik,1
bangkalan,1
latif,1
mulk,1
malikul,1
arya,1
menutupi,1
belek,1
sangkanya,1
donlowad,1
luvvv,1
menjeratkan,1
dicemar,1
perintah,1
herdiana,1
doni,1
ngerubah,1
raawrrr,1
okeii,1
disetujuim,1
tagihn,1
batalkn,1
aplikator,1
rolak,1
hhhh,1
membaty,1
kemenu,1
tubaiku,1
bagamanh,1
pin,1
tranper,1
menyengsarakan,1
hindari,1
sbntar,1
behari,1
langkahnya,1
standarkan,1
menanggung,1
diulangi,1
ngakalin,1
propinsi,1
sumbawa,1
tetima,1
jugk,1
onlin,1
adalh,1
sesempitsempitnya,1
luaaar,1
muaaahalll,1
note,1
nyamanan,1
delapan,1
burukkkkkkkk,1
gillaaaa,1
bari,1
